[
  {
    "userName": "AY5J43G9KD11K", 
    "promptID": "ytjXuZiW7xk6uaoCJ", 
    "ideaIDs": [
      "qngEJjdnCxpmC9o9A", 
      "xsijpmeTgRtWt386h"
    ], 
    "isCollapsed": false, 
    "name": "This is an inspiration!", 
    "isTrash": false, 
    "userID": "PwXGFaFnRtE2nfmAX", 
    "position": {
      "top": 31, 
      "left": 29
    }, 
    "_id": "yxfXgyQE65hbuT9gb", 
    "children": []
  }, 
  {
    "userName": "A9KLWB70I12U7", 
    "promptID": "ytjXuZiW7xk6uaoCJ", 
    "ideaIDs": [
      "JFKQwMhx3c8wPFjyd"
    ], 
    "isCollapsed": false, 
    "name": "This is an inspiration!", 
    "isTrash": false, 
    "userID": "jAC5zMLjjoiih2y7Y", 
    "position": {
      "top": 36, 
      "left": 11
    }, 
    "_id": "CHGpdkNeKTtGsHCXy", 
    "children": []
  }, 
  {
    "userName": "A1EMOFLE6FA09Z", 
    "promptID": "ytjXuZiW7xk6uaoCJ", 
    "ideaIDs": [], 
    "isCollapsed": false, 
    "name": "This is an inspiration!", 
    "isTrash": false, 
    "userID": "YwB2e8ijEpYgax2Lv", 
    "position": {
      "top": 37, 
      "left": 16
    }, 
    "_id": "MuQtzp6FnTxmK3XFh", 
    "children": []
  }, 
  {
    "userName": "A1EMOFLE6FA09Z", 
    "promptID": "ytjXuZiW7xk6uaoCJ", 
    "ideaIDs": [], 
    "isCollapsed": false, 
    "name": "This is an inspiration!", 
    "isTrash": false, 
    "userID": "YwB2e8ijEpYgax2Lv", 
    "position": {
      "top": 35, 
      "left": 20
    }, 
    "_id": "SzaYpBfidcgQPoRai", 
    "children": []
  }, 
  {
    "userName": "Joel", 
    "promptID": "ytjXuZiW7xk6uaoCJ", 
    "ideaIDs": [
      "4zSgQ6SJsdk2qkJaJ"
    ], 
    "isCollapsed": false, 
    "name": "play the game listing all things starting with first letter of their name ", 
    "isTrash": false, 
    "userID": "hS2KnAZ76JT8zsrqt", 
    "position": {
      "top": 47, 
      "left": 6
    }, 
    "_id": "pYRFoTZz6QmoJDqsC", 
    "children": []
  }, 
  {
    "userName": "Joel", 
    "promptID": "ytjXuZiW7xk6uaoCJ", 
    "ideaIDs": [
      "ZAKcCDjzieFHrbf9M", 
      "4Qctc5QEcQzyNcYAN", 
      "FW87PJSw7Qiw3JTXq", 
      "nBrRuhpsgFi72ss3F"
    ], 
    "isCollapsed": false, 
    "name": "ask for their siblings names", 
    "isTrash": false, 
    "userID": "hS2KnAZ76JT8zsrqt", 
    "position": {
      "top": 55, 
      "left": 18
    }, 
    "_id": "aG5j45EGdxaj3hpd2", 
    "children": []
  }, 
  {
    "userName": "Joel", 
    "promptID": "ytjXuZiW7xk6uaoCJ", 
    "ideaIDs": [
      "M7h3QDyYFdv8wRsKS", 
      "cTe79gxmpcHpJhjRX", 
      "GPT2FgHwxJRxv44vz"
    ], 
    "isCollapsed": false, 
    "name": "why did you get your name", 
    "isTrash": false, 
    "userID": "hS2KnAZ76JT8zsrqt", 
    "position": {
      "top": 43, 
      "left": 24
    }, 
    "_id": "AS2qYF2ahubBv86DA", 
    "children": []
  }, 
  {
    "userName": "Joel", 
    "promptID": "ytjXuZiW7xk6uaoCJ", 
    "ideaIDs": [
      "fYdzvTFY4yttTNy77", 
      "SBgWH7R4c2CLS8TQK", 
      "fM5P3sAigMqZoqFYD", 
      "Kf4MvdzPb3EWaN6r5", 
      "w3ebzav5hDdbHTjbN"
    ], 
    "isCollapsed": false, 
    "name": "how did you get your name", 
    "isTrash": false, 
    "userID": "hS2KnAZ76JT8zsrqt", 
    "position": {
      "top": 42, 
      "left": 29
    }, 
    "_id": "TruANbvYsnpc3Jdbg", 
    "children": []
  }, 
  {
    "userName": "Joel", 
    "promptID": "ytjXuZiW7xk6uaoCJ", 
    "ideaIDs": [
      "obBeRYwWmywq7QYtP", 
      "aK9mmMkbSLb4BHLpT"
    ], 
    "isCollapsed": false, 
    "name": "ask them to show you  driver license to see when they pass the test ", 
    "isTrash": false, 
    "userID": "hS2KnAZ76JT8zsrqt", 
    "position": {
      "top": 50, 
      "left": 30
    }, 
    "_id": "qtfvKFDPBZNEDMcJY", 
    "children": []
  }, 
  {
    "userName": "Joel", 
    "promptID": "ytjXuZiW7xk6uaoCJ", 
    "ideaIDs": [], 
    "isCollapsed": false, 
    "name": "wait until somebody else mentioned their name", 
    "isTrash": false, 
    "userID": "hS2KnAZ76JT8zsrqt", 
    "position": {
      "top": 58, 
      "left": 23
    }, 
    "_id": "T45ndZSARM2iy5CFL", 
    "children": []
  }, 
  {
    "userName": "Joel", 
    "promptID": "ytjXuZiW7xk6uaoCJ", 
    "ideaIDs": [
      "3KTe2WryC6pxmriEz"
    ], 
    "isCollapsed": false, 
    "name": "ask a friend", 
    "isTrash": false, 
    "userID": "hS2KnAZ76JT8zsrqt", 
    "position": {
      "top": 53, 
      "left": 24
    }, 
    "_id": "xckPScRtM9TjwMpbH", 
    "children": []
  }, 
  {
    "userName": "Joel", 
    "promptID": "ytjXuZiW7xk6uaoCJ", 
    "ideaIDs": [
      "5n6HyA3M239bgG3Kh", 
      "S57R9Xpdd6bGMJyFw"
    ], 
    "isCollapsed": false, 
    "name": "allow them to introduce themselves to others and listen", 
    "isTrash": false, 
    "userID": "hS2KnAZ76JT8zsrqt", 
    "position": {
      "top": 34, 
      "left": 7
    }, 
    "_id": "TLiaNfv3BoZDTk2KH", 
    "children": []
  }, 
  {
    "userName": "Joel", 
    "promptID": "ytjXuZiW7xk6uaoCJ", 
    "ideaIDs": [
      "77Sa2CyqzMFFhgbWP", 
      "u94AqkQodEhAdetZf", 
      "uZ9wDXpyzmxwC7X9t", 
      "aCHpvNLAuJKwLnXTh"
    ], 
    "isCollapsed": false, 
    "name": "check twitter", 
    "isTrash": false, 
    "userID": "hS2KnAZ76JT8zsrqt", 
    "position": {
      "top": 45, 
      "left": 6
    }, 
    "_id": "B4vYz9DJEvd5rmeNj", 
    "children": []
  }, 
  {
    "userName": "Joel", 
    "promptID": "ytjXuZiW7xk6uaoCJ", 
    "ideaIDs": [
      "SyYGxQ6wL8kwrivff"
    ], 
    "isCollapsed": false, 
    "name": "what song has their name in", 
    "isTrash": false, 
    "userID": "hS2KnAZ76JT8zsrqt", 
    "position": {
      "top": 46, 
      "left": 26
    }, 
    "_id": "bvwRkexq7coxEXeGn", 
    "children": []
  }, 
  {
    "userName": "Joel", 
    "promptID": "ytjXuZiW7xk6uaoCJ", 
    "ideaIDs": [
      "8cyFL3r56eK4RwJqY", 
      "wmRRx8djebhKQCRL7"
    ], 
    "isCollapsed": false, 
    "name": "remember the people you met them with", 
    "isTrash": false, 
    "userID": "hS2KnAZ76JT8zsrqt", 
    "position": {
      "top": 59, 
      "left": 8
    }, 
    "_id": "F7FJjwPm63YKtnbXp", 
    "children": []
  }, 
  {
    "userName": "A3LD1G3R5NOVYH", 
    "promptID": "ytjXuZiW7xk6uaoCJ", 
    "ideaIDs": [
      "gqRdC23iYJczJ6Yeh"
    ], 
    "isCollapsed": false, 
    "name": "This is an inspiration!", 
    "isTrash": false, 
    "userID": "7CPXtoSBeuk9TgrXx", 
    "position": {
      "top": 35, 
      "left": 26
    }, 
    "_id": "snxk5W7FydF6vBHKS", 
    "children": []
  }, 
  {
    "userName": "A31WQAWI4HVUQ4", 
    "promptID": "ytjXuZiW7xk6uaoCJ", 
    "ideaIDs": [
      "dwBwSwnz2go3Wy3Pd"
    ], 
    "isCollapsed": false, 
    "name": "This is an inspiration!", 
    "isTrash": false, 
    "userID": "8wRk5YTRoHCcntTxd", 
    "position": {
      "top": 58, 
      "left": 6
    }, 
    "_id": "9SnzZEsifC4gHL27F", 
    "children": []
  }, 
  {
    "userName": "A2FUMA4UR6S920", 
    "promptID": "ytjXuZiW7xk6uaoCJ", 
    "ideaIDs": [
      "BFfCtuGZdnfPmmmw4", 
      "x3RKJsXjY5SChNwxd", 
      "X7e6wHswJZT8rRQjz"
    ], 
    "isCollapsed": false, 
    "name": "This is an inspiration!", 
    "isTrash": false, 
    "userID": "BvRHXHqPv33Z6dKYY", 
    "position": {
      "top": 54, 
      "left": 21
    }, 
    "_id": "ysZaEaBKuftaCXc3P", 
    "children": []
  }, 
  {
    "userName": "A1L3CBYMK1QS2Z", 
    "promptID": "ytjXuZiW7xk6uaoCJ", 
    "ideaIDs": [
      "kv6AS9RChXqAXwrYD"
    ], 
    "isCollapsed": false, 
    "name": "This is an inspiration!", 
    "isTrash": false, 
    "userID": "EYNBbzxxAErgyEN3J", 
    "position": {
      "top": 51, 
      "left": 8
    }, 
    "_id": "v3N23wWdTPYuv5JLY", 
    "children": []
  }, 
  {
    "userName": "A2I6SK5KL0WMJS", 
    "promptID": "ytjXuZiW7xk6uaoCJ", 
    "ideaIDs": [
      "2AFmnNuQN9WeAYYg7"
    ], 
    "isCollapsed": false, 
    "name": "This is an inspiration!", 
    "isTrash": false, 
    "userID": "QAo9QERau8oRdejTd", 
    "position": {
      "top": 45, 
      "left": 1
    }, 
    "_id": "ALrJopZze5MEE3DGM", 
    "children": []
  }, 
  {
    "userName": "A271YRT7SPDHSA", 
    "promptID": "ytjXuZiW7xk6uaoCJ", 
    "ideaIDs": [
      "YArbvwsqAKZ5EqunS", 
      "kxCWwaNNSYghdgWnf", 
      "zmGfELfHNsF7q34GK", 
      "j8z7QDt82np8qyFPt", 
      "QKg7gwTd2FYR2Nv4Q", 
      "mbifwznvRCANBuJtP"
    ], 
    "isCollapsed": false, 
    "name": "This is an inspiration!", 
    "isTrash": false, 
    "userID": "ve2tXciGNdwshwz8s", 
    "position": {
      "top": 49, 
      "left": 3
    }, 
    "_id": "GXQbS57F8xXf9uKdN", 
    "children": []
  }, 
  {
    "userName": "A36KDWI1CGJFFA", 
    "promptID": "ytjXuZiW7xk6uaoCJ", 
    "ideaIDs": [
      "Pm8aACTfFGwLHyayM"
    ], 
    "isCollapsed": false, 
    "name": "This is an inspiration!", 
    "isTrash": false, 
    "userID": "929XQh997yrty6vdH", 
    "position": {
      "top": 55, 
      "left": 10
    }, 
    "_id": "aB6ngjEotp77RcZWn", 
    "children": []
  }, 
  {
    "userName": "A1HBU82366WX00", 
    "promptID": "ytjXuZiW7xk6uaoCJ", 
    "ideaIDs": [
      "i7YraWWeDfdX72HSu"
    ], 
    "isCollapsed": false, 
    "name": "This is an inspiration!", 
    "isTrash": false, 
    "userID": "5cG2jhspkgBTRWXFD", 
    "position": {
      "top": 58, 
      "left": 5
    }, 
    "_id": "EW98nHKBhpGhC3eZE", 
    "children": []
  }, 
  {
    "userName": "A2FUMA4UR6S920", 
    "promptID": "ytjXuZiW7xk6uaoCJ", 
    "ideaIDs": [], 
    "isCollapsed": false, 
    "name": "This is an inspiration!", 
    "isTrash": false, 
    "userID": "BvRHXHqPv33Z6dKYY", 
    "position": {
      "top": 53, 
      "left": 6
    }, 
    "_id": "Zqi5izMiKKbnQfPn5", 
    "children": []
  }, 
  {
    "userName": "A2I6SK5KL0WMJS", 
    "promptID": "ytjXuZiW7xk6uaoCJ", 
    "ideaIDs": [], 
    "isCollapsed": false, 
    "name": "This is an inspiration!", 
    "isTrash": false, 
    "userID": "QAo9QERau8oRdejTd", 
    "position": {
      "top": 45, 
      "left": 1
    }, 
    "_id": "2wPaySnMrWszJ2M2r", 
    "children": []
  }, 
  {
    "userName": "A2I6SK5KL0WMJS", 
    "promptID": "ytjXuZiW7xk6uaoCJ", 
    "ideaIDs": [], 
    "isCollapsed": false, 
    "name": "This is an inspiration!", 
    "isTrash": false, 
    "userID": "QAo9QERau8oRdejTd", 
    "position": {
      "top": 56, 
      "left": 9
    }, 
    "_id": "27SkiZyFjrfRyQ2rf", 
    "children": []
  }, 
  {
    "userName": "A8HJQ9FYV249W", 
    "promptID": "ytjXuZiW7xk6uaoCJ", 
    "ideaIDs": [
      "pjHNRd9fomNb4ShPx"
    ], 
    "isCollapsed": false, 
    "name": "This is an inspiration!", 
    "isTrash": false, 
    "userID": "S5Qewa33cnk7FDCgb", 
    "position": {
      "top": 48, 
      "left": 18
    }, 
    "_id": "Nus8gJHnJnENKWZn2", 
    "children": []
  }, 
  {
    "userName": "Joel", 
    "promptID": "ytjXuZiW7xk6uaoCJ", 
    "ideaIDs": [
      "RAiZTDibwML5aEoqM", 
      "oqCRmqv6ncr7znkaX", 
      "MrDnCsi682GMpsdK8", 
      "kinNd3H475C748YPx", 
      "9dzuStjWokBF9wFfr", 
      "uBWvbKwC5Yv9R7Q4m"
    ], 
    "isCollapsed": false, 
    "name": "what about reminding them of situation you met them?", 
    "isTrash": false, 
    "userID": "hS2KnAZ76JT8zsrqt", 
    "position": {
      "top": 60, 
      "left": 29
    }, 
    "_id": "uR8dN6w6NRcetqFWn", 
    "children": []
  }, 
  {
    "userName": "A1SJRFJWFXSDH4", 
    "promptID": "ytjXuZiW7xk6uaoCJ", 
    "ideaIDs": [
      "A9SLmuYrjYmspiCfy"
    ], 
    "isCollapsed": false, 
    "name": "This is an inspiration!", 
    "isTrash": false, 
    "userID": "aQvsxGqX2ZBQaQc6p", 
    "position": {
      "top": 49, 
      "left": 20
    }, 
    "_id": "XgNYQgpC3C49jhyFK", 
    "children": []
  }, 
  {
    "userName": "A271YRT7SPDHSA", 
    "promptID": "ytjXuZiW7xk6uaoCJ", 
    "ideaIDs": [], 
    "isCollapsed": false, 
    "name": "This is an inspiration!", 
    "isTrash": false, 
    "userID": "ve2tXciGNdwshwz8s", 
    "position": {
      "top": 41, 
      "left": 13
    }, 
    "_id": "5RoRXFXYCPabnkcHg", 
    "children": []
  }, 
  {
    "userName": "A1QIJ8PQO27CJC", 
    "promptID": "ytjXuZiW7xk6uaoCJ", 
    "ideaIDs": [
      "t6nH7nN4p66ko4QjS", 
      "D6H9BGPZApwmhNDSR"
    ], 
    "isCollapsed": false, 
    "name": "This is an inspiration!", 
    "isTrash": false, 
    "userID": "cpcesbyxsHxP5BfnP", 
    "position": {
      "top": 39, 
      "left": 12
    }, 
    "_id": "EZJPdmLTNHQJtuGYu", 
    "children": []
  }, 
  {
    "userName": "A3FYQPY2QZ7NRR", 
    "promptID": "ytjXuZiW7xk6uaoCJ", 
    "ideaIDs": [
      "uSFehKG47sMrY7N6Q"
    ], 
    "isCollapsed": false, 
    "name": "This is an inspiration!", 
    "isTrash": false, 
    "userID": "mcaYWnAqqrWeYjjQG", 
    "position": {
      "top": 40, 
      "left": 9
    }, 
    "_id": "EZeKMTZ3LStSPa2RE", 
    "children": []
  }, 
  {
    "userName": "A3E3RCR51Z8EVP", 
    "promptID": "ytjXuZiW7xk6uaoCJ", 
    "ideaIDs": [
      "d7BWDdBhF8QWvuyAK"
    ], 
    "isCollapsed": false, 
    "name": "This is an inspiration!", 
    "isTrash": false, 
    "userID": "BffvvdWAGYtLriyBe", 
    "position": {
      "top": 36, 
      "left": 17
    }, 
    "_id": "EiobXrps4MW5rJfLj", 
    "children": []
  }, 
  {
    "userName": "A3FYQPY2QZ7NRR", 
    "promptID": "ytjXuZiW7xk6uaoCJ", 
    "ideaIDs": [], 
    "isCollapsed": false, 
    "name": "This is an inspiration!", 
    "isTrash": false, 
    "userID": "mcaYWnAqqrWeYjjQG", 
    "position": {
      "top": 40, 
      "left": 0
    }, 
    "_id": "QsmZuLDMTWy4d6LT6", 
    "children": []
  }, 
  {
    "userName": "A3E3RCR51Z8EVP", 
    "promptID": "ytjXuZiW7xk6uaoCJ", 
    "ideaIDs": [], 
    "isCollapsed": false, 
    "name": "This is an inspiration!", 
    "isTrash": false, 
    "userID": "BffvvdWAGYtLriyBe", 
    "position": {
      "top": 53, 
      "left": 19
    }, 
    "_id": "ocN7XpQaQsEpg5K6n", 
    "children": []
  }, 
  {
    "userName": "Joel", 
    "promptID": "ytjXuZiW7xk6uaoCJ", 
    "ideaIDs": [
      "ppnsxZ2i6NetASz2R"
    ], 
    "isCollapsed": false, 
    "name": "ask them to put their contact info in your phone", 
    "isTrash": false, 
    "userID": "hS2KnAZ76JT8zsrqt", 
    "position": {
      "top": 54, 
      "left": 15
    }, 
    "_id": "CgTbwMYPQjprGFPeW", 
    "children": []
  }, 
  {
    "userName": "Joel", 
    "promptID": "ytjXuZiW7xk6uaoCJ", 
    "ideaIDs": [
      "vYrpLvS5G9pqtibnW", 
      "D8hKRp2NF9bmmiv2X", 
      "ucnQEYX2y3e2y8nic", 
      "C9RrDMDHwKDGxw7oa"
    ], 
    "isCollapsed": false, 
    "name": "ask someone else", 
    "isTrash": false, 
    "userID": "hS2KnAZ76JT8zsrqt", 
    "position": {
      "top": 32, 
      "left": 29
    }, 
    "_id": "CKGNRFQ98hP2p3v9D", 
    "children": []
  }, 
  {
    "userName": "Joel", 
    "promptID": "ytjXuZiW7xk6uaoCJ", 
    "ideaIDs": [
      "WnR8w9GxuroAvEi6s", 
      "5cfn9fbTqNMrWwgYZ", 
      "kFMMBTdZZJZt8p5AE"
    ], 
    "isCollapsed": false, 
    "name": "talk to them until you find out name", 
    "isTrash": false, 
    "userID": "hS2KnAZ76JT8zsrqt", 
    "position": {
      "top": 51, 
      "left": 6
    }, 
    "_id": "XjDNtboqsaMgYnwbY", 
    "children": []
  }, 
  {
    "userName": "A81E86PSRR80C", 
    "promptID": "ytjXuZiW7xk6uaoCJ", 
    "ideaIDs": [], 
    "isCollapsed": false, 
    "name": "This is an inspiration!", 
    "isTrash": false, 
    "userID": "AJeEhczTzWNSQ2ubJ", 
    "position": {
      "top": 33, 
      "left": 22
    }, 
    "_id": "thXDewXFq9d5qWip3", 
    "children": []
  }, 
  {
    "userName": "A81E86PSRR80C", 
    "promptID": "ytjXuZiW7xk6uaoCJ", 
    "ideaIDs": [
      "hXdgdRhEMhMDeGerL"
    ], 
    "isCollapsed": false, 
    "name": "This is an inspiration!", 
    "isTrash": false, 
    "userID": "AJeEhczTzWNSQ2ubJ", 
    "position": {
      "top": 46, 
      "left": 20
    }, 
    "_id": "XLHvTxgpHdsDYLgkH", 
    "children": []
  }, 
  {
    "userName": "AYC97GMI4V7Y4", 
    "promptID": "ytjXuZiW7xk6uaoCJ", 
    "ideaIDs": [
      "5vJB7QRnTxTRbqBXi"
    ], 
    "isCollapsed": false, 
    "name": "This is an inspiration!", 
    "isTrash": false, 
    "userID": "CqH5DwwoLj2YhrNHS", 
    "position": {
      "top": 33, 
      "left": 9
    }, 
    "_id": "KTFeJ8srFmYRXtNMc", 
    "children": []
  }, 
  {
    "userName": "Joel", 
    "promptID": "ytjXuZiW7xk6uaoCJ", 
    "ideaIDs": [
      "QksYjFdrW8GPTP84x", 
      "G2upTR8F7ciX6mFos"
    ], 
    "isCollapsed": false, 
    "name": "ask them to tell you who of famous people share their name", 
    "isTrash": false, 
    "userID": "hS2KnAZ76JT8zsrqt", 
    "position": {
      "top": 39, 
      "left": 22
    }, 
    "_id": "qJkjDf7BnMJKYQskT", 
    "children": []
  }, 
  {
    "userName": "AKDPKZLO2EZS5", 
    "promptID": "ytjXuZiW7xk6uaoCJ", 
    "ideaIDs": [
      "HFquqsb9kusKFKwzs"
    ], 
    "isCollapsed": false, 
    "name": "This is an inspiration!", 
    "isTrash": false, 
    "userID": "SfLdd9KZsYaFBoqgX", 
    "position": {
      "top": 34, 
      "left": 4
    }, 
    "_id": "QmdZNrJhiAa3wAJvx", 
    "children": []
  }, 
  {
    "userName": "Joel", 
    "promptID": "ytjXuZiW7xk6uaoCJ", 
    "ideaIDs": [
      "5wWcDRN6ivN4FT4Mj", 
      "mJ2vbhsNxuczzFKr8", 
      "PJc3GKzJCMGS29x7c", 
      "86JCNtEambEHtH8pr", 
      "6bBoe8TuPmhBkdcoN", 
      "K6vXf6eDscZnp5Kr2"
    ], 
    "isCollapsed": false, 
    "name": "ask them how they get their name", 
    "isTrash": false, 
    "userID": "hS2KnAZ76JT8zsrqt", 
    "position": {
      "top": 34, 
      "left": 30
    }, 
    "_id": "5A8eL7ZZ8GMwQYsJS", 
    "children": []
  }, 
  {
    "userName": "AMFR3KYTD4XBV", 
    "promptID": "ytjXuZiW7xk6uaoCJ", 
    "ideaIDs": [
      "6A2KMgKvxHTu2jxqS"
    ], 
    "isCollapsed": false, 
    "name": "This is an inspiration!", 
    "isTrash": false, 
    "userID": "8e6rKPn5B93x4DGNL", 
    "position": {
      "top": 43, 
      "left": 12
    }, 
    "_id": "EWy2xB5asjW5s8BbT", 
    "children": []
  }, 
  {
    "userName": "Joel", 
    "promptID": "ytjXuZiW7xk6uaoCJ", 
    "ideaIDs": [
      "pbSsw5inPKCgrqqw6", 
      "fsfw2GEhaavzbSCv2", 
      "XRWgLSji58bTpStSL", 
      "PNCJieDF3FwmwdDRn", 
      "sdz8cG3g3Z63EfHGB", 
      "S84YWvqdnSA6NEd7D", 
      "y3YZ5DQnsn8zEXyC2"
    ], 
    "isCollapsed": false, 
    "name": "what song has their name in it", 
    "isTrash": false, 
    "userID": "hS2KnAZ76JT8zsrqt", 
    "position": {
      "top": 54, 
      "left": 6
    }, 
    "_id": "eE85dpSRRR8yx4KKd", 
    "children": []
  }, 
  {
    "userName": "AKDPKZLO2EZS5", 
    "promptID": "ytjXuZiW7xk6uaoCJ", 
    "ideaIDs": [
      "YiZWMTyHBgdrSbrfo"
    ], 
    "isCollapsed": false, 
    "name": "This is an inspiration!", 
    "isTrash": false, 
    "userID": "SfLdd9KZsYaFBoqgX", 
    "position": {
      "top": 58, 
      "left": 13
    }, 
    "_id": "Jn3Q2wJtGWweYfth8", 
    "children": []
  }, 
  {
    "userName": "Joel", 
    "promptID": "ytjXuZiW7xk6uaoCJ", 
    "ideaIDs": [
      "nPG5ZK5fn6pkjsxe7", 
      "gdSpdjCrSCDfPCwAc", 
      "xygk2gpX2Y2xDpuvY", 
      "sw5jc4r5noXR4zvtj", 
      "qy9aJTnkLmXx8uBAN", 
      "QWFLbkniyX5Z3qjaC"
    ], 
    "isCollapsed": false, 
    "name": "introduce yourself and they will introduce themselves", 
    "isTrash": false, 
    "userID": "hS2KnAZ76JT8zsrqt", 
    "position": {
      "top": 33, 
      "left": 7
    }, 
    "_id": "eW9fLvFYZLu7eykEF", 
    "children": []
  }, 
  {
    "userName": "A14SABDOE6QHMK", 
    "promptID": "ytjXuZiW7xk6uaoCJ", 
    "ideaIDs": [
      "banv5zfK7QRnEokfK"
    ], 
    "isCollapsed": false, 
    "name": "This is an inspiration!", 
    "isTrash": false, 
    "userID": "2c8YxkCtyALkFQW6M", 
    "position": {
      "top": 51, 
      "left": 9
    }, 
    "_id": "Qfj32g23Nv6BaSS9g", 
    "children": []
  }, 
  {
    "userName": "A3AE627X3R2JQI", 
    "promptID": "ytjXuZiW7xk6uaoCJ", 
    "ideaIDs": [
      "ywpmReScxnXtgtCTj"
    ], 
    "isCollapsed": false, 
    "name": "This is an inspiration!", 
    "isTrash": false, 
    "userID": "KGzvRrMDx8sGiTg53", 
    "position": {
      "top": 33, 
      "left": 14
    }, 
    "_id": "DfhHZLDjTeNvGdRrW", 
    "children": []
  }, 
  {
    "userName": "A1OERQBV3TI7LD", 
    "promptID": "ytjXuZiW7xk6uaoCJ", 
    "ideaIDs": [], 
    "isCollapsed": false, 
    "name": "This is an inspiration!", 
    "isTrash": false, 
    "userID": "gsK5j2d2CKGpzneDY", 
    "position": {
      "top": 42, 
      "left": 17
    }, 
    "_id": "jMDLyopCD25ZJ6Gw4", 
    "children": []
  }, 
  {
    "userName": "A3LARK2XWBY8BI", 
    "promptID": "ytjXuZiW7xk6uaoCJ", 
    "ideaIDs": [
      "ojZMzTB6FEjHGmSAW"
    ], 
    "isCollapsed": false, 
    "name": "This is an inspiration!", 
    "isTrash": false, 
    "userID": "F3nW5MygZ5PkbHSAn", 
    "position": {
      "top": 32, 
      "left": 9
    }, 
    "_id": "mXBRApKCwJweEjMbL", 
    "children": []
  }, 
  {
    "userName": "A14SABDOE6QHMK", 
    "promptID": "ytjXuZiW7xk6uaoCJ", 
    "ideaIDs": [
      "z5TqpCvBGiPXLN26J"
    ], 
    "isCollapsed": false, 
    "name": "This is an inspiration!", 
    "isTrash": false, 
    "userID": "2c8YxkCtyALkFQW6M", 
    "position": {
      "top": 32, 
      "left": 3
    }, 
    "_id": "GR6wXPnJXrRMQYoMa", 
    "children": []
  }, 
  {
    "userName": "A1EMOFLE6FA09Z", 
    "promptID": "ytjXuZiW7xk6uaoCJ", 
    "ideaIDs": [
      "io6sf9vKhRLS3SjiQ"
    ], 
    "isCollapsed": false, 
    "name": "This is an inspiration!", 
    "isTrash": false, 
    "userID": "YwB2e8ijEpYgax2Lv", 
    "position": {
      "top": 57, 
      "left": 16
    }, 
    "_id": "JPJfFYRHQcdCmbSSR", 
    "children": []
  }
]