[
  {
    "promptID": "ytjXuZiW7xk6uaoCJ", 
    "attachments": [], 
    "edited": false, 
    "ideaNodeID": "SzaYpBfidcgQPoRai", 
    "comments": [], 
    "priority": 3, 
    "assignments": [
      {
        "name": "A1EMOFLE6FA09Z", 
        "route": "HcompConsentPage", 
        "mturk": "0SibjeBbW5FjLQKd", 
        "_id": "YwB2e8ijEpYgax2Lv", 
        "type": "Brainstorm user", 
        "groupID": "3uuMMpDLvYmxBDSkn"
      }
    ], 
    "authorID": "YwB2e8ijEpYgax2Lv", 
    "num": 50, 
    "time": 1430922690046.0, 
    "_id": "Tq32GeXuiW9fAovCz", 
    "type": "open", 
    "groupID": "3uuMMpDLvYmxBDSkn", 
    "desc": "This is an inspiration!"
  }, 
  {
    "promptID": "ytjXuZiW7xk6uaoCJ", 
    "attachments": [], 
    "edited": false, 
    "ideaNodeID": "EZJPdmLTNHQJtuGYu", 
    "comments": [], 
    "priority": 3, 
    "assignments": [
      {
        "name": "A1QIJ8PQO27CJC", 
        "route": "HcompConsentPage", 
        "mturk": "88ZTF2aoBHAyFDhk", 
        "_id": "cpcesbyxsHxP5BfnP", 
        "type": "Brainstorm user", 
        "groupID": "3uuMMpDLvYmxBDSkn"
      }
    ], 
    "authorID": "cpcesbyxsHxP5BfnP", 
    "num": 50, 
    "time": 1430922090624.0, 
    "_id": "mWbW8v75MdcggX2mB", 
    "type": "open", 
    "groupID": "3uuMMpDLvYmxBDSkn", 
    "desc": "This is an inspiration!"
  }, 
  {
    "promptID": "ytjXuZiW7xk6uaoCJ", 
    "attachments": [], 
    "edited": false, 
    "ideaNodeID": "EZeKMTZ3LStSPa2RE", 
    "comments": [], 
    "priority": 3, 
    "assignments": [
      {
        "name": "A3FYQPY2QZ7NRR", 
        "route": "HcompConsentPage", 
        "mturk": "1YygMlwNhneo5TDr", 
        "_id": "mcaYWnAqqrWeYjjQG", 
        "type": "Brainstorm user", 
        "groupID": "3uuMMpDLvYmxBDSkn"
      }
    ], 
    "authorID": "mcaYWnAqqrWeYjjQG", 
    "num": 50, 
    "time": 1430922132388.0, 
    "_id": "3X6y7t9FBmZyXfYZS", 
    "type": "open", 
    "groupID": "3uuMMpDLvYmxBDSkn", 
    "desc": "This is an inspiration!"
  }, 
  {
    "promptID": "ytjXuZiW7xk6uaoCJ", 
    "attachments": [], 
    "edited": false, 
    "ideaNodeID": "EiobXrps4MW5rJfLj", 
    "comments": [], 
    "priority": 3, 
    "assignments": [
      {
        "name": "A3E3RCR51Z8EVP", 
        "route": "HcompConsentPage", 
        "mturk": "40RSOzxTFk1azzZN", 
        "_id": "BffvvdWAGYtLriyBe", 
        "type": "Brainstorm user", 
        "groupID": "3uuMMpDLvYmxBDSkn"
      }
    ], 
    "authorID": "BffvvdWAGYtLriyBe", 
    "num": 50, 
    "time": 1430922146614.0, 
    "_id": "JH4sgFLCSXgEEN8wp", 
    "type": "open", 
    "groupID": "3uuMMpDLvYmxBDSkn", 
    "desc": "This is an inspiration!"
  }, 
  {
    "promptID": "ytjXuZiW7xk6uaoCJ", 
    "attachments": [], 
    "edited": false, 
    "ideaNodeID": "QsmZuLDMTWy4d6LT6", 
    "comments": [], 
    "priority": 3, 
    "assignments": [
      {
        "name": "A3FYQPY2QZ7NRR", 
        "route": "HcompConsentPage", 
        "mturk": "1YygMlwNhneo5TDr", 
        "_id": "mcaYWnAqqrWeYjjQG", 
        "type": "Brainstorm user", 
        "groupID": "3uuMMpDLvYmxBDSkn"
      }
    ], 
    "authorID": "mcaYWnAqqrWeYjjQG", 
    "num": 50, 
    "time": 1430922178768.0, 
    "_id": "Jy6PzyRQjWRHcQBCC", 
    "type": "open", 
    "groupID": "3uuMMpDLvYmxBDSkn", 
    "desc": "This is an inspiration!"
  }, 
  {
    "promptID": "ytjXuZiW7xk6uaoCJ", 
    "attachments": [], 
    "edited": false, 
    "ideaNodeID": "ocN7XpQaQsEpg5K6n", 
    "comments": [], 
    "priority": 3, 
    "assignments": [
      {
        "name": "A3E3RCR51Z8EVP", 
        "route": "HcompConsentPage", 
        "mturk": "40RSOzxTFk1azzZN", 
        "_id": "BffvvdWAGYtLriyBe", 
        "type": "Brainstorm user", 
        "groupID": "3uuMMpDLvYmxBDSkn"
      }
    ], 
    "authorID": "BffvvdWAGYtLriyBe", 
    "num": 50, 
    "time": 1430922185114.0, 
    "_id": "Qn2JfitXewoEKRKeM", 
    "type": "open", 
    "groupID": "3uuMMpDLvYmxBDSkn", 
    "desc": "This is an inspiration!"
  }, 
  {
    "promptID": "ytjXuZiW7xk6uaoCJ", 
    "attachments": [], 
    "edited": false, 
    "ideaNodeID": "XLHvTxgpHdsDYLgkH", 
    "comments": [], 
    "priority": 3, 
    "assignments": [
      {
        "name": "A81E86PSRR80C", 
        "route": "HcompConsentPage", 
        "mturk": "uDQjX7vWtDigCEvx", 
        "_id": "AJeEhczTzWNSQ2ubJ", 
        "type": "Brainstorm user", 
        "groupID": "3uuMMpDLvYmxBDSkn"
      }
    ], 
    "authorID": "AJeEhczTzWNSQ2ubJ", 
    "num": 50, 
    "time": 1430922326099.0, 
    "_id": "3upptCPrzS9NpyKHJ", 
    "type": "open", 
    "groupID": "3uuMMpDLvYmxBDSkn", 
    "desc": "This is an inspiration!"
  }, 
  {
    "promptID": "ytjXuZiW7xk6uaoCJ", 
    "attachments": [], 
    "edited": false, 
    "ideaNodeID": "KTFeJ8srFmYRXtNMc", 
    "comments": [], 
    "priority": 3, 
    "assignments": [
      {
        "name": "AYC97GMI4V7Y4", 
        "route": "HcompConsentPage", 
        "mturk": "LhMKazCWIrln7UPY", 
        "_id": "CqH5DwwoLj2YhrNHS", 
        "type": "Brainstorm user", 
        "groupID": "3uuMMpDLvYmxBDSkn"
      }
    ], 
    "authorID": "CqH5DwwoLj2YhrNHS", 
    "num": 50, 
    "time": 1430922329987.0, 
    "_id": "e4LqBnHbvLGeGAcNL", 
    "type": "open", 
    "groupID": "3uuMMpDLvYmxBDSkn", 
    "desc": "This is an inspiration!"
  }, 
  {
    "promptID": "ytjXuZiW7xk6uaoCJ", 
    "attachments": [], 
    "edited": false, 
    "ideaNodeID": "QmdZNrJhiAa3wAJvx", 
    "comments": [], 
    "priority": 3, 
    "assignments": [
      {
        "name": "AKDPKZLO2EZS5", 
        "route": "HcompConsentPage", 
        "mturk": "W8NqaTaRhA088XUn", 
        "_id": "SfLdd9KZsYaFBoqgX", 
        "type": "Brainstorm user", 
        "groupID": "3uuMMpDLvYmxBDSkn"
      }
    ], 
    "authorID": "SfLdd9KZsYaFBoqgX", 
    "num": 50, 
    "time": 1430922392599.0, 
    "_id": "PvsdbJZkrmxqEF7pP", 
    "type": "open", 
    "groupID": "3uuMMpDLvYmxBDSkn", 
    "desc": "This is an inspiration!"
  }, 
  {
    "promptID": "ytjXuZiW7xk6uaoCJ", 
    "attachments": [], 
    "edited": false, 
    "ideaNodeID": "EWy2xB5asjW5s8BbT", 
    "comments": [], 
    "priority": 3, 
    "assignments": [
      {
        "name": "AMFR3KYTD4XBV", 
        "route": "HcompConsentPage", 
        "mturk": "YNwlKBFTH29NOkKE", 
        "_id": "8e6rKPn5B93x4DGNL", 
        "type": "Brainstorm user", 
        "groupID": "3uuMMpDLvYmxBDSkn"
      }
    ], 
    "authorID": "8e6rKPn5B93x4DGNL", 
    "num": 50, 
    "time": 1430922395959.0, 
    "_id": "axKwYSxKGqwFCLsBn", 
    "type": "open", 
    "groupID": "3uuMMpDLvYmxBDSkn", 
    "desc": "This is an inspiration!"
  }, 
  {
    "promptID": "ytjXuZiW7xk6uaoCJ", 
    "attachments": [], 
    "edited": false, 
    "ideaNodeID": "Jn3Q2wJtGWweYfth8", 
    "comments": [], 
    "priority": 3, 
    "assignments": [
      {
        "name": "AKDPKZLO2EZS5", 
        "route": "HcompConsentPage", 
        "mturk": "W8NqaTaRhA088XUn", 
        "_id": "SfLdd9KZsYaFBoqgX", 
        "type": "Brainstorm user", 
        "groupID": "3uuMMpDLvYmxBDSkn"
      }
    ], 
    "authorID": "SfLdd9KZsYaFBoqgX", 
    "num": 50, 
    "time": 1430922476266.0, 
    "_id": "RsX5oxN5Pp5WxaBKy", 
    "type": "open", 
    "groupID": "3uuMMpDLvYmxBDSkn", 
    "desc": "This is an inspiration!"
  }, 
  {
    "promptID": "ytjXuZiW7xk6uaoCJ", 
    "attachments": [], 
    "edited": false, 
    "ideaNodeID": "Qfj32g23Nv6BaSS9g", 
    "comments": [], 
    "priority": 3, 
    "assignments": [
      {
        "name": "A14SABDOE6QHMK", 
        "route": "HcompConsentPage", 
        "mturk": "7kXQhGt5s14xkG1O", 
        "_id": "2c8YxkCtyALkFQW6M", 
        "type": "Brainstorm user", 
        "groupID": "3uuMMpDLvYmxBDSkn"
      }
    ], 
    "authorID": "2c8YxkCtyALkFQW6M", 
    "num": 50, 
    "time": 1430922556137.0, 
    "_id": "v5uxYmk8EaonPNDGm", 
    "type": "open", 
    "groupID": "3uuMMpDLvYmxBDSkn", 
    "desc": "This is an inspiration!"
  }, 
  {
    "promptID": "ytjXuZiW7xk6uaoCJ", 
    "attachments": [], 
    "edited": false, 
    "ideaNodeID": "DfhHZLDjTeNvGdRrW", 
    "comments": [], 
    "priority": 3, 
    "assignments": [
      {
        "name": "A3AE627X3R2JQI", 
        "route": "HcompConsentPage", 
        "mturk": "yCw3kCdQXTub5fbO", 
        "_id": "KGzvRrMDx8sGiTg53", 
        "type": "Brainstorm user", 
        "groupID": "3uuMMpDLvYmxBDSkn"
      }
    ], 
    "authorID": "KGzvRrMDx8sGiTg53", 
    "num": 50, 
    "time": 1430922586283.0, 
    "_id": "a7W8Jr54sRwbt9Soe", 
    "type": "open", 
    "groupID": "3uuMMpDLvYmxBDSkn", 
    "desc": "This is an inspiration!"
  }, 
  {
    "promptID": "ytjXuZiW7xk6uaoCJ", 
    "attachments": [], 
    "edited": false, 
    "ideaNodeID": "jMDLyopCD25ZJ6Gw4", 
    "comments": [], 
    "priority": 3, 
    "assignments": [
      {
        "name": "A1OERQBV3TI7LD", 
        "route": "HcompConsentPage", 
        "mturk": "pFgrEidib52uWAWK", 
        "_id": "gsK5j2d2CKGpzneDY", 
        "type": "Brainstorm user", 
        "groupID": "3uuMMpDLvYmxBDSkn"
      }
    ], 
    "authorID": "gsK5j2d2CKGpzneDY", 
    "num": 50, 
    "time": 1430922588391.0, 
    "_id": "hfAhT7WRdpSDAseCX", 
    "type": "open", 
    "groupID": "3uuMMpDLvYmxBDSkn", 
    "desc": "This is an inspiration!"
  }, 
  {
    "promptID": "ytjXuZiW7xk6uaoCJ", 
    "attachments": [], 
    "edited": false, 
    "ideaNodeID": "mXBRApKCwJweEjMbL", 
    "comments": [], 
    "priority": 3, 
    "assignments": [
      {
        "name": "A3LARK2XWBY8BI", 
        "route": "HcompConsentPage", 
        "mturk": "C5U8Z6kOUXRTkrb3", 
        "_id": "F3nW5MygZ5PkbHSAn", 
        "type": "Brainstorm user", 
        "groupID": "3uuMMpDLvYmxBDSkn"
      }
    ], 
    "authorID": "F3nW5MygZ5PkbHSAn", 
    "num": 50, 
    "time": 1430922604522.0, 
    "_id": "a6BNCmuxLZzHr3mxQ", 
    "type": "open", 
    "groupID": "3uuMMpDLvYmxBDSkn", 
    "desc": "This is an inspiration!"
  }, 
  {
    "promptID": "ytjXuZiW7xk6uaoCJ", 
    "attachments": [], 
    "edited": false, 
    "ideaNodeID": "GR6wXPnJXrRMQYoMa", 
    "comments": [], 
    "priority": 3, 
    "assignments": [
      {
        "name": "A14SABDOE6QHMK", 
        "route": "HcompConsentPage", 
        "mturk": "7kXQhGt5s14xkG1O", 
        "_id": "2c8YxkCtyALkFQW6M", 
        "type": "Brainstorm user", 
        "groupID": "3uuMMpDLvYmxBDSkn"
      }
    ], 
    "authorID": "2c8YxkCtyALkFQW6M", 
    "num": 50, 
    "time": 1430922641515.0, 
    "_id": "mpy7bEf459K2cKrpD", 
    "type": "open", 
    "groupID": "3uuMMpDLvYmxBDSkn", 
    "desc": "This is an inspiration!"
  }, 
  {
    "promptID": "ytjXuZiW7xk6uaoCJ", 
    "attachments": [], 
    "edited": false, 
    "ideaNodeID": "JPJfFYRHQcdCmbSSR", 
    "comments": [], 
    "priority": 3, 
    "assignments": [
      {
        "name": "A1EMOFLE6FA09Z", 
        "route": "HcompConsentPage", 
        "mturk": "0SibjeBbW5FjLQKd", 
        "_id": "YwB2e8ijEpYgax2Lv", 
        "type": "Brainstorm user", 
        "groupID": "3uuMMpDLvYmxBDSkn"
      }
    ], 
    "authorID": "YwB2e8ijEpYgax2Lv", 
    "num": 50, 
    "time": 1430922649847.0, 
    "_id": "JRJh8u6eeBft4Tfnq", 
    "type": "open", 
    "groupID": "3uuMMpDLvYmxBDSkn", 
    "desc": "This is an inspiration!"
  }, 
  {
    "promptID": "ytjXuZiW7xk6uaoCJ", 
    "attachments": [], 
    "edited": false, 
    "ideaNodeID": "yxfXgyQE65hbuT9gb", 
    "comments": [], 
    "priority": 3, 
    "assignments": [
      {
        "name": "AY5J43G9KD11K", 
        "route": "HcompConsentPage", 
        "mturk": "8b3cxjPLR5lLc2j2", 
        "_id": "PwXGFaFnRtE2nfmAX", 
        "type": "Brainstorm user", 
        "groupID": "3uuMMpDLvYmxBDSkn"
      }
    ], 
    "authorID": "PwXGFaFnRtE2nfmAX", 
    "num": 50, 
    "time": 1430922672739.0, 
    "_id": "3P4YC2h8TyhpWurGj", 
    "type": "open", 
    "groupID": "3uuMMpDLvYmxBDSkn", 
    "desc": "This is an inspiration!"
  }, 
  {
    "promptID": "ytjXuZiW7xk6uaoCJ", 
    "attachments": [], 
    "edited": false, 
    "ideaNodeID": "CHGpdkNeKTtGsHCXy", 
    "comments": [], 
    "priority": 3, 
    "assignments": [
      {
        "name": "A9KLWB70I12U7", 
        "route": "HcompConsentPage", 
        "mturk": "EaeEAQyCrfbeDerl", 
        "_id": "jAC5zMLjjoiih2y7Y", 
        "type": "Brainstorm user", 
        "groupID": "3uuMMpDLvYmxBDSkn"
      }
    ], 
    "authorID": "jAC5zMLjjoiih2y7Y", 
    "num": 50, 
    "time": 1430922670418.0, 
    "_id": "84tPbjv8KSYrDnab4", 
    "type": "open", 
    "groupID": "3uuMMpDLvYmxBDSkn", 
    "desc": "This is an inspiration!"
  }, 
  {
    "promptID": "ytjXuZiW7xk6uaoCJ", 
    "attachments": [], 
    "edited": false, 
    "ideaNodeID": "MuQtzp6FnTxmK3XFh", 
    "comments": [], 
    "priority": 3, 
    "assignments": [
      {
        "name": "A1EMOFLE6FA09Z", 
        "route": "HcompConsentPage", 
        "mturk": "0SibjeBbW5FjLQKd", 
        "_id": "YwB2e8ijEpYgax2Lv", 
        "type": "Brainstorm user", 
        "groupID": "3uuMMpDLvYmxBDSkn"
      }
    ], 
    "authorID": "YwB2e8ijEpYgax2Lv", 
    "num": 50, 
    "time": 1430922689893.0, 
    "_id": "mtAT9sGEZFpL9bGZx", 
    "type": "open", 
    "groupID": "3uuMMpDLvYmxBDSkn", 
    "desc": "This is an inspiration!"
  }, 
  {
    "promptID": "ytjXuZiW7xk6uaoCJ", 
    "attachments": [], 
    "edited": false, 
    "ideaNodeID": "snxk5W7FydF6vBHKS", 
    "comments": [], 
    "priority": 3, 
    "assignments": [
      {
        "name": "A3LD1G3R5NOVYH", 
        "route": "HcompConsentPage", 
        "mturk": "r0pvezDFNsb7G4ov", 
        "_id": "7CPXtoSBeuk9TgrXx", 
        "type": "Brainstorm user", 
        "groupID": "3uuMMpDLvYmxBDSkn"
      }
    ], 
    "authorID": "7CPXtoSBeuk9TgrXx", 
    "num": 50, 
    "time": 1430921851565.0, 
    "_id": "KTs782KefHSJqevCB", 
    "type": "open", 
    "groupID": "3uuMMpDLvYmxBDSkn", 
    "desc": "This is an inspiration!"
  }, 
  {
    "promptID": "ytjXuZiW7xk6uaoCJ", 
    "attachments": [], 
    "edited": false, 
    "ideaNodeID": "9SnzZEsifC4gHL27F", 
    "comments": [], 
    "priority": 3, 
    "assignments": [
      {
        "name": "A31WQAWI4HVUQ4", 
        "route": "HcompConsentPage", 
        "mturk": "JSu0ZIENulZoA5d2", 
        "_id": "8wRk5YTRoHCcntTxd", 
        "type": "Brainstorm user", 
        "groupID": "3uuMMpDLvYmxBDSkn"
      }
    ], 
    "authorID": "8wRk5YTRoHCcntTxd", 
    "num": 50, 
    "time": 1430921875581.0, 
    "_id": "wSYkHebDkLtijKrB6", 
    "type": "open", 
    "groupID": "3uuMMpDLvYmxBDSkn", 
    "desc": "This is an inspiration!"
  }, 
  {
    "promptID": "ytjXuZiW7xk6uaoCJ", 
    "attachments": [], 
    "edited": false, 
    "ideaNodeID": "ysZaEaBKuftaCXc3P", 
    "comments": [], 
    "priority": 3, 
    "assignments": [
      {
        "name": "A2FUMA4UR6S920", 
        "route": "HcompConsentPage", 
        "mturk": "8xqAMx2MNIboT8qv", 
        "_id": "BvRHXHqPv33Z6dKYY", 
        "type": "Brainstorm user", 
        "groupID": "3uuMMpDLvYmxBDSkn"
      }
    ], 
    "authorID": "BvRHXHqPv33Z6dKYY", 
    "num": 50, 
    "time": 1430921900674.0, 
    "_id": "tFNRw6JCcAE2rqtaJ", 
    "type": "open", 
    "groupID": "3uuMMpDLvYmxBDSkn", 
    "desc": "This is an inspiration!"
  }, 
  {
    "promptID": "ytjXuZiW7xk6uaoCJ", 
    "attachments": [], 
    "edited": false, 
    "ideaNodeID": "v3N23wWdTPYuv5JLY", 
    "comments": [], 
    "priority": 3, 
    "assignments": [
      {
        "name": "A1L3CBYMK1QS2Z", 
        "route": "HcompConsentPage", 
        "mturk": "T7Qus45XynFcepS6", 
        "_id": "EYNBbzxxAErgyEN3J", 
        "type": "Brainstorm user", 
        "groupID": "3uuMMpDLvYmxBDSkn"
      }
    ], 
    "authorID": "EYNBbzxxAErgyEN3J", 
    "num": 50, 
    "time": 1430921927881.0, 
    "_id": "TYyPsKgDSNcexETkf", 
    "type": "open", 
    "groupID": "3uuMMpDLvYmxBDSkn", 
    "desc": "This is an inspiration!"
  }, 
  {
    "promptID": "ytjXuZiW7xk6uaoCJ", 
    "attachments": [], 
    "edited": false, 
    "ideaNodeID": "ALrJopZze5MEE3DGM", 
    "comments": [], 
    "priority": 3, 
    "assignments": [
      {
        "name": "A2I6SK5KL0WMJS", 
        "route": "HcompConsentPage", 
        "mturk": "afDPYWKdh7SHo51N", 
        "_id": "QAo9QERau8oRdejTd", 
        "type": "Brainstorm user", 
        "groupID": "3uuMMpDLvYmxBDSkn"
      }
    ], 
    "authorID": "QAo9QERau8oRdejTd", 
    "num": 50, 
    "time": 1430921929027.0, 
    "_id": "orcyBRd9nqnJX8Sfd", 
    "type": "open", 
    "groupID": "3uuMMpDLvYmxBDSkn", 
    "desc": "This is an inspiration!"
  }, 
  {
    "promptID": "ytjXuZiW7xk6uaoCJ", 
    "attachments": [], 
    "edited": false, 
    "ideaNodeID": "GXQbS57F8xXf9uKdN", 
    "comments": [], 
    "priority": 3, 
    "assignments": [
      {
        "name": "A271YRT7SPDHSA", 
        "route": "HcompConsentPage", 
        "mturk": "7DBo1XfmjLWpo8IJ", 
        "_id": "ve2tXciGNdwshwz8s", 
        "type": "Brainstorm user", 
        "groupID": "3uuMMpDLvYmxBDSkn"
      }
    ], 
    "authorID": "ve2tXciGNdwshwz8s", 
    "num": 50, 
    "time": 1430921891859.0, 
    "_id": "mpFfusf6JpA5BT7JD", 
    "type": "open", 
    "groupID": "3uuMMpDLvYmxBDSkn", 
    "desc": "This is an inspiration!"
  }, 
  {
    "promptID": "ytjXuZiW7xk6uaoCJ", 
    "attachments": [], 
    "edited": false, 
    "ideaNodeID": "aB6ngjEotp77RcZWn", 
    "comments": [], 
    "priority": 3, 
    "assignments": [
      {
        "name": "A36KDWI1CGJFFA", 
        "route": "HcompConsentPage", 
        "mturk": "6woHSLGWmPo0Idbn", 
        "_id": "929XQh997yrty6vdH", 
        "type": "Brainstorm user", 
        "groupID": "3uuMMpDLvYmxBDSkn"
      }
    ], 
    "authorID": "929XQh997yrty6vdH", 
    "num": 50, 
    "time": 1430921945203.0, 
    "_id": "r9oENDhCGESTA5wfk", 
    "type": "open", 
    "groupID": "3uuMMpDLvYmxBDSkn", 
    "desc": "This is an inspiration!"
  }, 
  {
    "promptID": "ytjXuZiW7xk6uaoCJ", 
    "attachments": [], 
    "edited": false, 
    "ideaNodeID": "EW98nHKBhpGhC3eZE", 
    "comments": [], 
    "priority": 3, 
    "assignments": [
      {
        "name": "A1HBU82366WX00", 
        "route": "HcompConsentPage", 
        "mturk": "MqwSVvs87rYYXdVn", 
        "_id": "5cG2jhspkgBTRWXFD", 
        "type": "Brainstorm user", 
        "groupID": "3uuMMpDLvYmxBDSkn"
      }
    ], 
    "authorID": "5cG2jhspkgBTRWXFD", 
    "num": 50, 
    "time": 1430921949704.0, 
    "_id": "CKx37X2tspyt9QRqA", 
    "type": "open", 
    "groupID": "3uuMMpDLvYmxBDSkn", 
    "desc": "This is an inspiration!"
  }, 
  {
    "promptID": "ytjXuZiW7xk6uaoCJ", 
    "attachments": [], 
    "edited": false, 
    "ideaNodeID": "Zqi5izMiKKbnQfPn5", 
    "comments": [], 
    "priority": 3, 
    "assignments": [
      {
        "name": "A2FUMA4UR6S920", 
        "route": "HcompConsentPage", 
        "mturk": "8xqAMx2MNIboT8qv", 
        "_id": "BvRHXHqPv33Z6dKYY", 
        "type": "Brainstorm user", 
        "groupID": "3uuMMpDLvYmxBDSkn"
      }
    ], 
    "authorID": "BvRHXHqPv33Z6dKYY", 
    "num": 50, 
    "time": 1430921965650.0, 
    "_id": "esSLgk86jBHG9Amwx", 
    "type": "open", 
    "groupID": "3uuMMpDLvYmxBDSkn", 
    "desc": "This is an inspiration!"
  }, 
  {
    "promptID": "ytjXuZiW7xk6uaoCJ", 
    "attachments": [], 
    "edited": false, 
    "ideaNodeID": "2wPaySnMrWszJ2M2r", 
    "comments": [], 
    "priority": 3, 
    "assignments": [
      {
        "name": "A2I6SK5KL0WMJS", 
        "route": "HcompConsentPage", 
        "mturk": "afDPYWKdh7SHo51N", 
        "_id": "QAo9QERau8oRdejTd", 
        "type": "Brainstorm user", 
        "groupID": "3uuMMpDLvYmxBDSkn"
      }
    ], 
    "authorID": "QAo9QERau8oRdejTd", 
    "num": 50, 
    "time": 1430921980145.0, 
    "_id": "pQveW2QeBd5DcJfEe", 
    "type": "open", 
    "groupID": "3uuMMpDLvYmxBDSkn", 
    "desc": "This is an inspiration!"
  }, 
  {
    "promptID": "ytjXuZiW7xk6uaoCJ", 
    "attachments": [], 
    "edited": false, 
    "ideaNodeID": "27SkiZyFjrfRyQ2rf", 
    "comments": [], 
    "priority": 3, 
    "assignments": [
      {
        "name": "A2I6SK5KL0WMJS", 
        "route": "HcompConsentPage", 
        "mturk": "afDPYWKdh7SHo51N", 
        "_id": "QAo9QERau8oRdejTd", 
        "type": "Brainstorm user", 
        "groupID": "3uuMMpDLvYmxBDSkn"
      }
    ], 
    "authorID": "QAo9QERau8oRdejTd", 
    "num": 50, 
    "time": 1430921984548.0, 
    "_id": "zCZtWrHGo3YqAn7jC", 
    "type": "open", 
    "groupID": "3uuMMpDLvYmxBDSkn", 
    "desc": "This is an inspiration!"
  }, 
  {
    "promptID": "ytjXuZiW7xk6uaoCJ", 
    "attachments": [], 
    "edited": false, 
    "ideaNodeID": "Nus8gJHnJnENKWZn2", 
    "comments": [], 
    "priority": 3, 
    "assignments": [
      {
        "name": "A8HJQ9FYV249W", 
        "route": "HcompConsentPage", 
        "mturk": "zw4NVtfhWEcbeOjw", 
        "_id": "S5Qewa33cnk7FDCgb", 
        "type": "Brainstorm user", 
        "groupID": "3uuMMpDLvYmxBDSkn"
      }
    ], 
    "authorID": "S5Qewa33cnk7FDCgb", 
    "num": 50, 
    "time": 1430922005768.0, 
    "_id": "vHjRJht4avoa8Qb6p", 
    "type": "open", 
    "groupID": "3uuMMpDLvYmxBDSkn", 
    "desc": "This is an inspiration!"
  }, 
  {
    "promptID": "ytjXuZiW7xk6uaoCJ", 
    "attachments": [], 
    "edited": false, 
    "ideaNodeID": "XgNYQgpC3C49jhyFK", 
    "comments": [], 
    "priority": 3, 
    "assignments": [
      {
        "name": "A1SJRFJWFXSDH4", 
        "route": "HcompConsentPage", 
        "mturk": "OalKqR7BFgmLtHLc", 
        "_id": "aQvsxGqX2ZBQaQc6p", 
        "type": "Brainstorm user", 
        "groupID": "3uuMMpDLvYmxBDSkn"
      }
    ], 
    "authorID": "aQvsxGqX2ZBQaQc6p", 
    "num": 50, 
    "time": 1430922013616.0, 
    "_id": "aKGuexSQPs4m4n86j", 
    "type": "open", 
    "groupID": "3uuMMpDLvYmxBDSkn", 
    "desc": "This is an inspiration!"
  }, 
  {
    "promptID": "ytjXuZiW7xk6uaoCJ", 
    "attachments": [], 
    "edited": false, 
    "ideaNodeID": "5RoRXFXYCPabnkcHg", 
    "comments": [], 
    "priority": 3, 
    "assignments": [
      {
        "name": "A271YRT7SPDHSA", 
        "route": "HcompConsentPage", 
        "mturk": "7DBo1XfmjLWpo8IJ", 
        "_id": "ve2tXciGNdwshwz8s", 
        "type": "Brainstorm user", 
        "groupID": "3uuMMpDLvYmxBDSkn"
      }
    ], 
    "authorID": "ve2tXciGNdwshwz8s", 
    "num": 50, 
    "time": 1430922045402.0, 
    "_id": "vw3Cr9HPEBLrqQgND", 
    "type": "open", 
    "groupID": "3uuMMpDLvYmxBDSkn", 
    "desc": "This is an inspiration!"
  }
]