[
  {
    "promptID": "ytjXuZiW7xk6uaoCJ", 
    "expID": "FosRMhrLykAorDbRK", 
    "description": "Treatment", 
    "completedParts": [
      "xtuZuQW4s6HZBQvgn", 
      "B6nHYMYmNXsT3tZZL", 
      "wdPtBXzdPuLcfEfxZ", 
      "pwZkvmaCSyxLLzGcq", 
      "xYvZTNBGFe2D6sTK8", 
      "dHPS3N7fMvdqBhvoG", 
      "ibGuQmJTogvpdpXrh", 
      "FxquxEd6FxtoDLfn9", 
      "zFjXWdiJirPMfNyRS", 
      "rQLP4gwmdpmMk2MLA", 
      "mbRRM49NKDpGZhAQs", 
      "eeQEaWnnXdZxuZpiD", 
      "dAiqYz3E6Qjusr2E2", 
      "oG5eznKnf55oqYWYb", 
      "hb59MuXduuZZxDgfb", 
      "deKadQ5XPD7c3bXki", 
      "y9m8JPjdeJiCCFts7", 
      "bebQeKHyZPM29GSni"
    ], 
    "readyParts": [
      "deWXkL8yvNBxntWdH", 
      "xtuZuQW4s6HZBQvgn", 
      "wdPtBXzdPuLcfEfxZ", 
      "B6nHYMYmNXsT3tZZL", 
      "ibGuQmJTogvpdpXrh", 
      "pwZkvmaCSyxLLzGcq", 
      "xYvZTNBGFe2D6sTK8", 
      "dHPS3N7fMvdqBhvoG", 
      "FxquxEd6FxtoDLfn9", 
      "tYAcdHXqWbikbTB56", 
      "zFjXWdiJirPMfNyRS", 
      "rQLP4gwmdpmMk2MLA", 
      "mbRRM49NKDpGZhAQs", 
      "oG5eznKnf55oqYWYb", 
      "dAiqYz3E6Qjusr2E2", 
      "eeQEaWnnXdZxuZpiD", 
      "deKadQ5XPD7c3bXki", 
      "hb59MuXduuZZxDgfb", 
      "gosgT9ifEbnGFGTLB", 
      "WDLQiG3usETHEuG3B", 
      "y9m8JPjdeJiCCFts7", 
      "bebQeKHyZPM29GSni", 
      "wpEf2EefDuye7qwJx"
    ], 
    "assignedParts": [
      "xtuZuQW4s6HZBQvgn", 
      "ibGuQmJTogvpdpXrh", 
      "wdPtBXzdPuLcfEfxZ", 
      "B6nHYMYmNXsT3tZZL", 
      "xYvZTNBGFe2D6sTK8", 
      "deWXkL8yvNBxntWdH", 
      "mbRRM49NKDpGZhAQs", 
      "tYAcdHXqWbikbTB56", 
      "pwZkvmaCSyxLLzGcq", 
      "dHPS3N7fMvdqBhvoG", 
      "FxquxEd6FxtoDLfn9", 
      "rqsZwiaJ49ck5ziqg", 
      "rQLP4gwmdpmMk2MLA", 
      "zFjXWdiJirPMfNyRS", 
      "dAiqYz3E6Qjusr2E2", 
      "oG5eznKnf55oqYWYb", 
      "deKadQ5XPD7c3bXki", 
      "eeQEaWnnXdZxuZpiD", 
      "bebQeKHyZPM29GSni", 
      "RN7sNQP6xDuvXLNYF", 
      "wpEf2EefDuye7qwJx", 
      "hb59MuXduuZZxDgfb", 
      "gosgT9ifEbnGFGTLB", 
      "y9m8JPjdeJiCCFts7", 
      "WDLQiG3usETHEuG3B", 
      "nL459Fx4CwqLFgokm"
    ], 
    "partNum": 20, 
    "_id": "2KBsBbiv8TQyjHcBd"
  }, 
  {
    "promptID": "ytjXuZiW7xk6uaoCJ", 
    "expID": "FosRMhrLykAorDbRK", 
    "description": "Control", 
    "completedParts": [
      "vTWG87v3SQ6xg27pf", 
      "ZG82FipuP9J5ieTut", 
      "p4Co8hLzk4WTDFsbq", 
      "f77JxpTrdc8WAugLC", 
      "35AjpPBhuAToBC8CQ", 
      "qxeY7QXEjhAZ4Fs6c", 
      "8kxgq5YxKtG47JMzL", 
      "QT9eqGwuwKCR9yzwW", 
      "2oS7tgf3KbTsm6ScH", 
      "GF7BNuodvaGTiZxFn", 
      "KQsGsTXTJfGi3dZcr", 
      "DfsyuLEoHZPsSQNDe", 
      "ciPwFdwQKG9ZXhYxq", 
      "vCEwzX779kdy9Y98e", 
      "D7ehEB9dhtHi8L8q2", 
      "yGojFRdf87eibRiRr", 
      "npJkZpvNcLWz9pB4T"
    ], 
    "readyParts": [
      "ZG82FipuP9J5ieTut", 
      "evKXurWapRAmSkYtu", 
      "vTWG87v3SQ6xg27pf", 
      "cWzsmgt3GdwquPPt8", 
      "f77JxpTrdc8WAugLC", 
      "p4Co8hLzk4WTDFsbq", 
      "35AjpPBhuAToBC8CQ", 
      "BStw4wfCeYuCmqJSE", 
      "jRmaojLqPnKsK7mPn", 
      "qxeY7QXEjhAZ4Fs6c", 
      "QT9eqGwuwKCR9yzwW", 
      "8kxgq5YxKtG47JMzL", 
      "AKKPcN58J5ApbxYtg", 
      "yGojFRdf87eibRiRr", 
      "2oS7tgf3KbTsm6ScH", 
      "GF7BNuodvaGTiZxFn", 
      "8ALQCfJs8eQ6WAEEC", 
      "KQsGsTXTJfGi3dZcr", 
      "ciPwFdwQKG9ZXhYxq", 
      "DfsyuLEoHZPsSQNDe", 
      "D7ehEB9dhtHi8L8q2", 
      "vCEwzX779kdy9Y98e", 
      "npJkZpvNcLWz9pB4T", 
      "k58bvGiCxRuHCjr7M"
    ], 
    "assignedParts": [
      "ZG82FipuP9J5ieTut", 
      "f77JxpTrdc8WAugLC", 
      "evKXurWapRAmSkYtu", 
      "vTWG87v3SQ6xg27pf", 
      "cWzsmgt3GdwquPPt8", 
      "p4Co8hLzk4WTDFsbq", 
      "35AjpPBhuAToBC8CQ", 
      "BStw4wfCeYuCmqJSE", 
      "qxeY7QXEjhAZ4Fs6c", 
      "jRmaojLqPnKsK7mPn", 
      "LNvZ3Qb5wBfRLXRHH", 
      "QT9eqGwuwKCR9yzwW", 
      "8kxgq5YxKtG47JMzL", 
      "yGojFRdf87eibRiRr", 
      "AKKPcN58J5ApbxYtg", 
      "foonWbDTME8jQSKGQ", 
      "k58bvGiCxRuHCjr7M", 
      "2oS7tgf3KbTsm6ScH", 
      "GF7BNuodvaGTiZxFn", 
      "8ALQCfJs8eQ6WAEEC", 
      "D7ehEB9dhtHi8L8q2", 
      "ciPwFdwQKG9ZXhYxq", 
      "DfsyuLEoHZPsSQNDe", 
      "KQsGsTXTJfGi3dZcr", 
      "B6Bcp8TMhzRh3NdMw", 
      "vCEwzX779kdy9Y98e", 
      "npJkZpvNcLWz9pB4T"
    ], 
    "partNum": 20, 
    "_id": "bB28yv5BRSWXBvpHE"
  }
]