[
  {
    "promptID": "ytjXuZiW7xk6uaoCJ", 
    "description": "MF study 2015-5-6a", 
    "url": "https://ideagenexp.herokuapp.com/crowd/Ideate/Login/FosRMhrLykAorDbRK", 
    "groupAssignField": "bB28yv5BRSWXBvpHE", 
    "creationTime": 1430919774925.0, 
    "excludeUsers": [
      "A1LRJ2MQD4AMES", 
      "A1R6ZLM9V362F7", 
      "A3O81LHBBI8NPK", 
      "A3TSTY0937FUIG", 
      "A4PA5EW33W7J4", 
      "A3K2ZXAFZCHYZI", 
      "A1ZR0Q2OUOLW51", 
      "A16SR2HQIWRFD6", 
      "A2EI075XZT9Y2S", 
      "A2VFJZIHLCVVFP", 
      "A6UCL995Y1LFC", 
      "A177PH8HH3T5P8", 
      "A28KHUQDH0Q95T", 
      "AR88I7N1BRGUN", 
      "A2NOR6R1M1NHGX", 
      "AKLUPDQ988YAU", 
      "A1XOXGWBAN6HEJ", 
      "A2I4A4WGWII18Z", 
      "A1DGNROKR9QK50", 
      "A3BUS4D08Z6XR2", 
      "A1AVKKVWWFUGLT", 
      "A3G4SJREB8K0BG", 
      "A2A4MCD6TG88ZB", 
      "A2U4B3M43Z92LE", 
      "AT3C00TKZK13L", 
      "A27O2IILV3S5YS", 
      "AD7CUW86FWEKT", 
      "A21XD6CWE1JNMQ", 
      "ANZKTE853UXSD", 
      "AMG9Y1YLBTKIV", 
      "A1ETJBNTO9ZWZ8", 
      "A2DBMTMB6IHKJE", 
      "A37I58C4258IPX", 
      "A1VZSFHTU51JP0", 
      "CREA1a62f569a7b5c9e23fc6f1af0f1c5cdb", 
      "A5YVMQWA2IYPF", 
      "AMWIBULQ4S8K3", 
      "A35OLDOCJQBO38", 
      "A1VZSFHTU51JP0", 
      "A1VLZL3CA1WMPT", 
      "A35RGUQZRI1Q3M", 
      "A2NPNKSW89BODS", 
      "A2O5OJXCUFQ3FV", 
      "APV3PPXOUJNF0", 
      "A2R40R4O6G0YBY", 
      "AUAN582MLI96N", 
      "ACVEFRSUAPSEQ", 
      "AQREOQAVITTZX", 
      "AQVP5IH2S6WCB", 
      "A1GK9ZI7T30X9Z", 
      "A2PXJTMWGUE5DC", 
      "A2XW1RX3H89EVP", 
      "A330N7LVL2IOVZ", 
      "AKLV0WIZZ356X", 
      "AO3XB5I5QNNUI", 
      "A23DPGTXU8VUG2", 
      "A2Z11BHUBDVKMB", 
      "AS8BGRD5QFUTQ", 
      "A3PIAHR6PGXZNT", 
      "A1GOJEDZM2CQTN", 
      "AH7HHYWHK738C", 
      "A34DWBBWZRLO1X", 
      "A2YDKZI930GXVP", 
      "A3MJ47AD05HGC", 
      "A50NP32X87WVG", 
      "AMNWH1GJBI8PG", 
      "A1TLNLB9D87H6", 
      "A26UIS59SY4NM6", 
      "A1MB3A5MC58LK6", 
      "AAXOAPIBFQUCB", 
      "A33QUS4NRVVMTN", 
      "A3HNEYFOIJWPH1", 
      "A25ABNB41T2WDJ", 
      "A1I9ZBV75AVWUS", 
      "A1QJW2DB0W14FB", 
      "A27LGC4MU1R7PQ", 
      "A3MTAJHYHCIJK4", 
      "A5EU1AQJNC7F2", 
      "A1FKZ2HY4XKMG1", 
      "A2GFB2S1C9P9RM", 
      "A3JWLZQE19KVPT", 
      "A330UIZ3IR89SD", 
      "A28ZTP85NRWG79", 
      "APEH3OH95ZE21", 
      "A3K0XS1SIOLS9", 
      "A3URTCMI5X52BY", 
      "A248G7WMC2OS7F", 
      "A1LOD3LNX7FUPJ", 
      "A12IOD8IXOEL1P", 
      "AQAXDL1INQC9Q", 
      "A3G79KHMDV51Q8", 
      "A234SA9RO156TR", 
      "A1L1SQ488YCCFJ", 
      "A3GHK21QETWLZJ", 
      "A14XM04GNE5AAK", 
      "A34K11GBKWDGK0", 
      "A1Y4E0MURS31NN", 
      "A224I9B6RFJZEI", 
      "A2GLAUISMPF5P1", 
      "A38JKBTQO9E8MW", 
      "A12GJUCS7AJ4K", 
      "A18RZXJY6DSX46", 
      "A2TVG2HLMKVMSL", 
      "A25AX0DNHKJCQT", 
      "A6JKKANO7F4KD", 
      "A3QSJY1FFN0N6V", 
      "A3V3108A3ODROZ", 
      "A18FK1XR73EQ2W", 
      "Jesse Conklin", 
      "A3W6T1WDYXMR3", 
      "A2HCX55SX2NP1V", 
      "A1F4D2PZ7NNWTL", 
      "A1Y44BP9291GQP", 
      "AR8WU7O3D5PDK", 
      "A1XMFODRPFWKJ7", 
      "A16TESTJICU76L", 
      "A3VP9WXGRZWLRB", 
      "A07890662AJHIASQNC905", 
      "A3R55HO5EARZVW", 
      "A3QIG18VHBXBSZ", 
      "A1RW3IP4BG6674", 
      "A23V8NHNBQNSOZ", 
      "A1NITMHYG5YL3H", 
      "A3PC7DYXJW4I2Z", 
      "AV2Y6GPZ2ARU7", 
      "AGFQASQMLDPAH", 
      "A171C7B6HHSEGH", 
      "A2QT68NJYAJV9P", 
      "A2WX0GMSZUCP83", 
      "A3C5KFPIBYOQVX", 
      "A13OOUR0WU1KSL", 
      "A25HXY4WA2BZSO", 
      "A3JI3B5GTVA95F", 
      "ADENP3JI8ZBUV", 
      "AJEYVMEV87SGN", 
      "A197AERSF5SIS4", 
      "A3TTG9ALOZM8RC", 
      "APZEIAO75NCHM", 
      "A1U6S8JAWTGDZF", 
      "A302M81U0HM7RJ", 
      "A22YIXOPL4QLOQ", 
      "A3VJY2IKOZ17GJ", 
      "A3K43RI91Y567E", 
      "A2E2IQ99W6B7AV", 
      "A1OK974KXKO6FJ", 
      "A3O60DDW7E1DEZ", 
      "A1TQYCX1NLQYQE", 
      "A1W4Q0E00VP6VD", 
      "AKCQDBUVS7LN0", 
      "A2ZV96GRXVSXK4", 
      "A1Z048705962W6", 
      "A1NFBKUYYVUYWF", 
      "A1GUPBAMVB6C03", 
      "A138CW0E10XK58", 
      "A3P4L08TCEIZ9A", 
      "A2WKZI3JQCE3Z6", 
      "A1VJAKNGJPT0M3", 
      "A3F6ZHPP1NTFZJ", 
      "ANSTG0G3RFHV0", 
      "A2LAQG8PCWYGBL", 
      "AVQGY7FCU80XP", 
      "A2NFKOH8HAAL1P", 
      "A13TYYTK5MARJ1", 
      "A2SYVZTOWYMFA8", 
      "AEISWC78MXIR5", 
      "A1R8A1ZKR80MRA", 
      "A2YCMT5BPA0AG9", 
      "A12COX2QIZTF6O", 
      "AM0X2DZF3F2E3", 
      "A149WLB026YBHM", 
      "A115UFR6VA6OM1", 
      "A2H6XG5MS1WFFR", 
      "A1909MOQZUXZZ5", 
      "A3EJ0GS0MRU8S", 
      "A2JAXR0JNTQOMA", 
      "A3GYJ7ZDKUZP7L", 
      "A2ENX4PF7FYDSZ"
    ], 
    "_id": "FosRMhrLykAorDbRK", 
    "conditions": [
      {
        "promptID": "ytjXuZiW7xk6uaoCJ", 
        "expID": "FosRMhrLykAorDbRK", 
        "description": "Control", 
        "completedParts": [], 
        "readyParts": [], 
        "assignedParts": [], 
        "partNum": 20, 
        "_id": "bB28yv5BRSWXBvpHE"
      }, 
      {
        "promptID": "ytjXuZiW7xk6uaoCJ", 
        "expID": "FosRMhrLykAorDbRK", 
        "description": "Treatment", 
        "completedParts": [], 
        "readyParts": [], 
        "assignedParts": [], 
        "partNum": 20, 
        "_id": "2KBsBbiv8TQyjHcBd"
      }
    ], 
    "groupID": "3uuMMpDLvYmxBDSkn", 
    "participantIDs": [
      "xtuZuQW4s6HZBQvgn", 
      "ibGuQmJTogvpdpXrh", 
      "ZG82FipuP9J5ieTut", 
      "f77JxpTrdc8WAugLC", 
      "evKXurWapRAmSkYtu", 
      "wdPtBXzdPuLcfEfxZ", 
      "vTWG87v3SQ6xg27pf", 
      "B6nHYMYmNXsT3tZZL", 
      "cWzsmgt3GdwquPPt8", 
      "xYvZTNBGFe2D6sTK8", 
      "deWXkL8yvNBxntWdH", 
      "p4Co8hLzk4WTDFsbq", 
      "mbRRM49NKDpGZhAQs", 
      "tYAcdHXqWbikbTB56", 
      "pwZkvmaCSyxLLzGcq", 
      "35AjpPBhuAToBC8CQ", 
      "BStw4wfCeYuCmqJSE", 
      "dHPS3N7fMvdqBhvoG", 
      "FxquxEd6FxtoDLfn9", 
      "qxeY7QXEjhAZ4Fs6c", 
      "jRmaojLqPnKsK7mPn", 
      "rqsZwiaJ49ck5ziqg", 
      "LNvZ3Qb5wBfRLXRHH", 
      "rQLP4gwmdpmMk2MLA", 
      "QT9eqGwuwKCR9yzwW", 
      "zFjXWdiJirPMfNyRS", 
      "8kxgq5YxKtG47JMzL", 
      "yGojFRdf87eibRiRr", 
      "dAiqYz3E6Qjusr2E2", 
      "AKKPcN58J5ApbxYtg", 
      "oG5eznKnf55oqYWYb", 
      "foonWbDTME8jQSKGQ", 
      "deKadQ5XPD7c3bXki", 
      "k58bvGiCxRuHCjr7M", 
      "eeQEaWnnXdZxuZpiD", 
      "2oS7tgf3KbTsm6ScH", 
      "bebQeKHyZPM29GSni", 
      "GF7BNuodvaGTiZxFn", 
      "RN7sNQP6xDuvXLNYF", 
      "8ALQCfJs8eQ6WAEEC", 
      "D7ehEB9dhtHi8L8q2", 
      "wpEf2EefDuye7qwJx", 
      "ciPwFdwQKG9ZXhYxq", 
      "hb59MuXduuZZxDgfb", 
      "DfsyuLEoHZPsSQNDe", 
      "gosgT9ifEbnGFGTLB", 
      "KQsGsTXTJfGi3dZcr", 
      "y9m8JPjdeJiCCFts7", 
      "B6Bcp8TMhzRh3NdMw", 
      "WDLQiG3usETHEuG3B", 
      "vCEwzX779kdy9Y98e", 
      "nL459Fx4CwqLFgokm", 
      "npJkZpvNcLWz9pB4T"
    ]
  }
]