[
  {
    "name": "IdeaWordCloud Filter", 
    "val": "cpcesbyxsHxP5BfnP", 
    "collection": "ideas", 
    "field": "userID", 
    "user": "hS2KnAZ76JT8zsrqt", 
    "_id": "NYYvsK7LBHcozaBxi", 
    "type": "filter", 
    "op": "eq"
  }, 
  {
    "name": "Ideas Filter", 
    "val": "ve2tXciGNdwshwz8s", 
    "collection": "ideas", 
    "field": "userID", 
    "user": "hS2KnAZ76JT8zsrqt", 
    "_id": "CAMnWd92cJWp9McNm", 
    "type": "filter", 
    "op": "eq"
  }, 
  {
    "name": "IdeaWordCloud Filter", 
    "val": "ve2tXciGNdwshwz8s", 
    "collection": "ideas", 
    "field": "userID", 
    "user": "hS2KnAZ76JT8zsrqt", 
    "_id": "BXKcGnXEe7qK5aBYm", 
    "type": "filter", 
    "op": "eq"
  }, 
  {
    "name": "Ideas Filter", 
    "val": "BffvvdWAGYtLriyBe", 
    "collection": "ideas", 
    "field": "userID", 
    "user": "hS2KnAZ76JT8zsrqt", 
    "_id": "zhKHY9dqy4BukMg9f", 
    "type": "filter", 
    "op": "eq"
  }, 
  {
    "name": "IdeaWordCloud Filter", 
    "val": "BffvvdWAGYtLriyBe", 
    "collection": "ideas", 
    "field": "userID", 
    "user": "hS2KnAZ76JT8zsrqt", 
    "_id": "7uyXwoMNuX952dbJ2", 
    "type": "filter", 
    "op": "eq"
  }, 
  {
    "name": "Ideas Filter", 
    "val": "mcaYWnAqqrWeYjjQG", 
    "collection": "ideas", 
    "field": "userID", 
    "user": "hS2KnAZ76JT8zsrqt", 
    "_id": "RHtqr2nann2g3n8Fk", 
    "type": "filter", 
    "op": "eq"
  }, 
  {
    "name": "IdeaWordCloud Filter", 
    "val": "mcaYWnAqqrWeYjjQG", 
    "collection": "ideas", 
    "field": "userID", 
    "user": "hS2KnAZ76JT8zsrqt", 
    "_id": "2eDMz4pXS3gkPAHc3", 
    "type": "filter", 
    "op": "eq"
  }, 
  {
    "name": "Ideas Filter", 
    "val": "aQvsxGqX2ZBQaQc6p", 
    "collection": "ideas", 
    "field": "userID", 
    "user": "hS2KnAZ76JT8zsrqt", 
    "_id": "gJvouQiCEX7vjC8Gt", 
    "type": "filter", 
    "op": "eq"
  }, 
  {
    "name": "IdeaWordCloud Filter", 
    "val": "aQvsxGqX2ZBQaQc6p", 
    "collection": "ideas", 
    "field": "userID", 
    "user": "hS2KnAZ76JT8zsrqt", 
    "_id": "crQPnGgT4oGgQ5hbr", 
    "type": "filter", 
    "op": "eq"
  }, 
  {
    "name": "Ideas Filter", 
    "val": "AJeEhczTzWNSQ2ubJ", 
    "collection": "ideas", 
    "field": "userID", 
    "user": "hS2KnAZ76JT8zsrqt", 
    "_id": "FdEAieppJskCDzJNA", 
    "type": "filter", 
    "op": "eq"
  }, 
  {
    "name": "IdeaWordCloud Filter", 
    "val": "AJeEhczTzWNSQ2ubJ", 
    "collection": "ideas", 
    "field": "userID", 
    "user": "hS2KnAZ76JT8zsrqt", 
    "_id": "aHFTygtJ7QMkwLNzE", 
    "type": "filter", 
    "op": "eq"
  }, 
  {
    "name": "Ideas Filter", 
    "val": "CqH5DwwoLj2YhrNHS", 
    "collection": "ideas", 
    "field": "userID", 
    "user": "hS2KnAZ76JT8zsrqt", 
    "_id": "gr4Jpo2HkecRu5cds", 
    "type": "filter", 
    "op": "eq"
  }, 
  {
    "name": "IdeaWordCloud Filter", 
    "val": "CqH5DwwoLj2YhrNHS", 
    "collection": "ideas", 
    "field": "userID", 
    "user": "hS2KnAZ76JT8zsrqt", 
    "_id": "4WHRkguPiMx8ruESv", 
    "type": "filter", 
    "op": "eq"
  }, 
  {
    "name": "Ideas Filter", 
    "val": "8e6rKPn5B93x4DGNL", 
    "collection": "ideas", 
    "field": "userID", 
    "user": "hS2KnAZ76JT8zsrqt", 
    "_id": "LYZouPpsMHP7sJR44", 
    "type": "filter", 
    "op": "eq"
  }, 
  {
    "name": "Ideas Filter", 
    "val": "YwB2e8ijEpYgax2Lv", 
    "collection": "ideas", 
    "field": "userID", 
    "user": "hS2KnAZ76JT8zsrqt", 
    "_id": "PAiZJvC82jS53oTgX", 
    "type": "filter", 
    "op": "eq"
  }, 
  {
    "name": "IdeaWordCloud Filter", 
    "val": "YwB2e8ijEpYgax2Lv", 
    "collection": "ideas", 
    "field": "userID", 
    "user": "hS2KnAZ76JT8zsrqt", 
    "_id": "di34DPxCNrQrhmv8T", 
    "type": "filter", 
    "op": "eq"
  }, 
  {
    "name": "Ideas Filter", 
    "val": "jAC5zMLjjoiih2y7Y", 
    "collection": "ideas", 
    "field": "userID", 
    "user": "hS2KnAZ76JT8zsrqt", 
    "_id": "BHK2MnRik5WFsfTS4", 
    "type": "filter", 
    "op": "eq"
  }, 
  {
    "name": "IdeaWordCloud Filter", 
    "val": "jAC5zMLjjoiih2y7Y", 
    "collection": "ideas", 
    "field": "userID", 
    "user": "hS2KnAZ76JT8zsrqt", 
    "_id": "nRqfAHYmBGftCgLpa", 
    "type": "filter", 
    "op": "eq"
  }, 
  {
    "name": "Ideas Filter", 
    "val": "PwXGFaFnRtE2nfmAX", 
    "collection": "ideas", 
    "field": "userID", 
    "user": "hS2KnAZ76JT8zsrqt", 
    "_id": "2yoZz9uFxRzXLDnQ8", 
    "type": "filter", 
    "op": "eq"
  }, 
  {
    "name": "IdeaWordCloud Filter", 
    "val": "PwXGFaFnRtE2nfmAX", 
    "collection": "ideas", 
    "field": "userID", 
    "user": "hS2KnAZ76JT8zsrqt", 
    "_id": "TmeMXDHkaTXhxm763", 
    "type": "filter", 
    "op": "eq"
  }, 
  {
    "name": "Ideas Filter", 
    "val": "2c8YxkCtyALkFQW6M", 
    "collection": "ideas", 
    "field": "userID", 
    "user": "hS2KnAZ76JT8zsrqt", 
    "_id": "i2sTvjt8qgd8vrWrA", 
    "type": "filter", 
    "op": "eq"
  }, 
  {
    "name": "IdeaWordCloud Filter", 
    "val": "2c8YxkCtyALkFQW6M", 
    "collection": "ideas", 
    "field": "userID", 
    "user": "hS2KnAZ76JT8zsrqt", 
    "_id": "fJnHgpvCe3ZXrqNdx", 
    "type": "filter", 
    "op": "eq"
  }, 
  {
    "name": "Tasks Filter", 
    "val": "ytjXuZiW7xk6uaoCJ", 
    "collection": "tasks", 
    "field": "promptID", 
    "user": "Qe9ALEbfvKE6CQj2q", 
    "_id": "PFzGACrtkJXmq44xN", 
    "type": "filter", 
    "op": "eq"
  }, 
  {
    "name": "Tasks Filter", 
    "val": "3uuMMpDLvYmxBDSkn", 
    "collection": "tasks", 
    "field": "groupID", 
    "user": "Qe9ALEbfvKE6CQj2q", 
    "_id": "iL2bESzMN8wDfM4Qg", 
    "type": "filter", 
    "op": "eq"
  }, 
  {
    "name": "Ideas Filter", 
    "val": "8wRk5YTRoHCcntTxd", 
    "collection": "ideas", 
    "field": "userID", 
    "user": "Qe9ALEbfvKE6CQj2q", 
    "_id": "hkhjXGsbzfb6sPJaA", 
    "type": "filter", 
    "op": "eq"
  }, 
  {
    "name": "Ideas Filter", 
    "val": "aQvsxGqX2ZBQaQc6p", 
    "collection": "ideas", 
    "field": "userID", 
    "user": "Qe9ALEbfvKE6CQj2q", 
    "_id": "GrDzJKB3kWefTkTfh", 
    "type": "filter", 
    "op": "eq"
  }, 
  {
    "name": "Ideas Filter", 
    "val": "ve2tXciGNdwshwz8s", 
    "collection": "ideas", 
    "field": "userID", 
    "user": "Qe9ALEbfvKE6CQj2q", 
    "_id": "CoXdbePvtjQxZqSkt", 
    "type": "filter", 
    "op": "eq"
  }, 
  {
    "name": "Ideas Filter", 
    "val": "929XQh997yrty6vdH", 
    "collection": "ideas", 
    "field": "userID", 
    "user": "Qe9ALEbfvKE6CQj2q", 
    "_id": "hxDE2TAb9YxAATDyy", 
    "type": "filter", 
    "op": "eq"
  }, 
  {
    "name": "Ideas Filter", 
    "val": "S5Qewa33cnk7FDCgb", 
    "collection": "ideas", 
    "field": "userID", 
    "user": "Qe9ALEbfvKE6CQj2q", 
    "_id": "KCBZeq4bJRby9Fki5", 
    "type": "filter", 
    "op": "eq"
  }, 
  {
    "name": "Ideas Filter", 
    "val": "cpcesbyxsHxP5BfnP", 
    "collection": "ideas", 
    "field": "userID", 
    "user": "Qe9ALEbfvKE6CQj2q", 
    "_id": "R4ufx3aLgkGh3mDme", 
    "type": "filter", 
    "op": "eq"
  }, 
  {
    "name": "Ideas Filter", 
    "val": "JrZPZYnWg6aidy8rY", 
    "collection": "ideas", 
    "field": "userID", 
    "user": "Qe9ALEbfvKE6CQj2q", 
    "_id": "TeGNNoh6Mi4PcJH9x", 
    "type": "filter", 
    "op": "eq"
  }, 
  {
    "name": "Ideas Filter", 
    "val": "mcaYWnAqqrWeYjjQG", 
    "collection": "ideas", 
    "field": "userID", 
    "user": "Qe9ALEbfvKE6CQj2q", 
    "_id": "voRu79QbivX6onPyM", 
    "type": "filter", 
    "op": "eq"
  }, 
  {
    "name": "Ideas Filter", 
    "val": "BffvvdWAGYtLriyBe", 
    "collection": "ideas", 
    "field": "userID", 
    "user": "Qe9ALEbfvKE6CQj2q", 
    "_id": "rHx4gYQYxBxWGyxve", 
    "type": "filter", 
    "op": "eq"
  }, 
  {
    "name": "Ideas Filter", 
    "val": "CqH5DwwoLj2YhrNHS", 
    "collection": "ideas", 
    "field": "userID", 
    "user": "Qe9ALEbfvKE6CQj2q", 
    "_id": "tSTEAfmexxJL7M8Sa", 
    "type": "filter", 
    "op": "eq"
  }, 
  {
    "name": "Ideas Filter", 
    "val": "SfLdd9KZsYaFBoqgX", 
    "collection": "ideas", 
    "field": "userID", 
    "user": "Qe9ALEbfvKE6CQj2q", 
    "_id": "ZW29f7zjAydnkahiH", 
    "type": "filter", 
    "op": "eq"
  }, 
  {
    "name": "Ideas Filter", 
    "val": "8e6rKPn5B93x4DGNL", 
    "collection": "ideas", 
    "field": "userID", 
    "user": "Qe9ALEbfvKE6CQj2q", 
    "_id": "3Jh9JY7kdoRq6z8kb", 
    "type": "filter", 
    "op": "eq"
  }, 
  {
    "name": "Ideas Filter", 
    "val": "2c8YxkCtyALkFQW6M", 
    "collection": "ideas", 
    "field": "userID", 
    "user": "Qe9ALEbfvKE6CQj2q", 
    "_id": "dibb8eZpdJXJprdeK", 
    "type": "filter", 
    "op": "eq"
  }, 
  {
    "name": "Ideas Filter", 
    "val": "gsK5j2d2CKGpzneDY", 
    "collection": "ideas", 
    "field": "userID", 
    "user": "Qe9ALEbfvKE6CQj2q", 
    "_id": "QtecHaWNJw7M4q9Ld", 
    "type": "filter", 
    "op": "eq"
  }, 
  {
    "name": "Ideas Filter", 
    "val": "KGzvRrMDx8sGiTg53", 
    "collection": "ideas", 
    "field": "userID", 
    "user": "Qe9ALEbfvKE6CQj2q", 
    "_id": "xLCHwiRvxNkWn8HiS", 
    "type": "filter", 
    "op": "eq"
  }, 
  {
    "name": "Ideas Filter", 
    "val": "F3nW5MygZ5PkbHSAn", 
    "collection": "ideas", 
    "field": "userID", 
    "user": "Qe9ALEbfvKE6CQj2q", 
    "_id": "QnsFxFvrx6Frc9qaT", 
    "type": "filter", 
    "op": "eq"
  }, 
  {
    "name": "Ideas Filter", 
    "val": "YwB2e8ijEpYgax2Lv", 
    "collection": "ideas", 
    "field": "userID", 
    "user": "Qe9ALEbfvKE6CQj2q", 
    "_id": "LqWaxngajDHaSX5uz", 
    "type": "filter", 
    "op": "eq"
  }, 
  {
    "name": "Ideas Filter", 
    "val": "jAC5zMLjjoiih2y7Y", 
    "collection": "ideas", 
    "field": "userID", 
    "user": "Qe9ALEbfvKE6CQj2q", 
    "_id": "6MzinPgEnF4R6dYhP", 
    "type": "filter", 
    "op": "eq"
  }, 
  {
    "name": "Ideas Filter", 
    "val": "c5TEd3SsLNkLeJb5w", 
    "collection": "ideas", 
    "field": "userID", 
    "user": "Qe9ALEbfvKE6CQj2q", 
    "_id": "fb9Ez2frLPxqmR8kw", 
    "type": "filter", 
    "op": "eq"
  }, 
  {
    "name": "IdeaWordCloud Filter", 
    "val": "ytjXuZiW7xk6uaoCJ", 
    "collection": "ideas", 
    "field": "prompt._id", 
    "user": "Qe9ALEbfvKE6CQj2q", 
    "_id": "5WkxkE4eoHwwdNh6Y", 
    "type": "filter", 
    "op": "eq"
  }, 
  {
    "name": "IdeaWordCloud Filter", 
    "val": "7CPXtoSBeuk9TgrXx", 
    "collection": "ideas", 
    "field": "userID", 
    "user": "Qe9ALEbfvKE6CQj2q", 
    "_id": "guETQR2TZnRq2dJKk", 
    "type": "filter", 
    "op": "eq"
  }, 
  {
    "name": "IdeaWordCloud Filter", 
    "val": "QAo9QERau8oRdejTd", 
    "collection": "ideas", 
    "field": "userID", 
    "user": "Qe9ALEbfvKE6CQj2q", 
    "_id": "JR3QBeyGr5AfjQ7yo", 
    "type": "filter", 
    "op": "eq"
  }, 
  {
    "name": "IdeaWordCloud Filter", 
    "val": "BvRHXHqPv33Z6dKYY", 
    "collection": "ideas", 
    "field": "userID", 
    "user": "Qe9ALEbfvKE6CQj2q", 
    "_id": "nqYSKSzFCCSbvwrvQ", 
    "type": "filter", 
    "op": "eq"
  }, 
  {
    "name": "IdeaWordCloud Filter", 
    "val": "EYNBbzxxAErgyEN3J", 
    "collection": "ideas", 
    "field": "userID", 
    "user": "Qe9ALEbfvKE6CQj2q", 
    "_id": "Lb45BeAF5JDHhBkNH", 
    "type": "filter", 
    "op": "eq"
  }, 
  {
    "name": "IdeaWordCloud Filter", 
    "val": "5cG2jhspkgBTRWXFD", 
    "collection": "ideas", 
    "field": "userID", 
    "user": "Qe9ALEbfvKE6CQj2q", 
    "_id": "xZy3KMXqAJuCaTqp2", 
    "type": "filter", 
    "op": "eq"
  }, 
  {
    "name": "IdeaWordCloud Filter", 
    "val": "8wRk5YTRoHCcntTxd", 
    "collection": "ideas", 
    "field": "userID", 
    "user": "Qe9ALEbfvKE6CQj2q", 
    "_id": "7jPJg6t39i3zm8Miw", 
    "type": "filter", 
    "op": "eq"
  }, 
  {
    "name": "IdeaWordCloud Filter", 
    "val": "aQvsxGqX2ZBQaQc6p", 
    "collection": "ideas", 
    "field": "userID", 
    "user": "Qe9ALEbfvKE6CQj2q", 
    "_id": "Mc8wqbYG3d35etxjo", 
    "type": "filter", 
    "op": "eq"
  }, 
  {
    "name": "IdeaWordCloud Filter", 
    "val": "ve2tXciGNdwshwz8s", 
    "collection": "ideas", 
    "field": "userID", 
    "user": "Qe9ALEbfvKE6CQj2q", 
    "_id": "NrNNmmrXh4d6PcAwp", 
    "type": "filter", 
    "op": "eq"
  }, 
  {
    "name": "IdeaWordCloud Filter", 
    "val": "929XQh997yrty6vdH", 
    "collection": "ideas", 
    "field": "userID", 
    "user": "Qe9ALEbfvKE6CQj2q", 
    "_id": "ixr8kNhK6XAj7F6Gk", 
    "type": "filter", 
    "op": "eq"
  }, 
  {
    "name": "IdeaWordCloud Filter", 
    "val": "S5Qewa33cnk7FDCgb", 
    "collection": "ideas", 
    "field": "userID", 
    "user": "Qe9ALEbfvKE6CQj2q", 
    "_id": "FgH2NtombhNwgiQGd", 
    "type": "filter", 
    "op": "eq"
  }, 
  {
    "name": "IdeaWordCloud Filter", 
    "val": "cpcesbyxsHxP5BfnP", 
    "collection": "ideas", 
    "field": "userID", 
    "user": "Qe9ALEbfvKE6CQj2q", 
    "_id": "yaKtaJhCk7zxoBJNW", 
    "type": "filter", 
    "op": "eq"
  }, 
  {
    "name": "IdeaWordCloud Filter", 
    "val": "JrZPZYnWg6aidy8rY", 
    "collection": "ideas", 
    "field": "userID", 
    "user": "Qe9ALEbfvKE6CQj2q", 
    "_id": "eTy5NHpyW8oHEPpBS", 
    "type": "filter", 
    "op": "eq"
  }, 
  {
    "name": "IdeaWordCloud Filter", 
    "val": "mcaYWnAqqrWeYjjQG", 
    "collection": "ideas", 
    "field": "userID", 
    "user": "Qe9ALEbfvKE6CQj2q", 
    "_id": "bF5HpYBXAei5pQnBv", 
    "type": "filter", 
    "op": "eq"
  }, 
  {
    "name": "IdeaWordCloud Filter", 
    "val": "BffvvdWAGYtLriyBe", 
    "collection": "ideas", 
    "field": "userID", 
    "user": "Qe9ALEbfvKE6CQj2q", 
    "_id": "mJDXAbwtEi2sAaMnZ", 
    "type": "filter", 
    "op": "eq"
  }, 
  {
    "name": "IdeaWordCloud Filter", 
    "val": "CqH5DwwoLj2YhrNHS", 
    "collection": "ideas", 
    "field": "userID", 
    "user": "Qe9ALEbfvKE6CQj2q", 
    "_id": "9aj5wzNSEJ7gKaxg5", 
    "type": "filter", 
    "op": "eq"
  }, 
  {
    "name": "IdeaWordCloud Filter", 
    "val": "AJeEhczTzWNSQ2ubJ", 
    "collection": "ideas", 
    "field": "userID", 
    "user": "Qe9ALEbfvKE6CQj2q", 
    "_id": "AiBEgNxqDG3eYiM4g", 
    "type": "filter", 
    "op": "eq"
  }, 
  {
    "name": "IdeaWordCloud Filter", 
    "val": "SfLdd9KZsYaFBoqgX", 
    "collection": "ideas", 
    "field": "userID", 
    "user": "Qe9ALEbfvKE6CQj2q", 
    "_id": "vibeL2EKStk96bnsu", 
    "type": "filter", 
    "op": "eq"
  }, 
  {
    "name": "IdeaWordCloud Filter", 
    "val": "8e6rKPn5B93x4DGNL", 
    "collection": "ideas", 
    "field": "userID", 
    "user": "Qe9ALEbfvKE6CQj2q", 
    "_id": "XrawfNYLnvrRgo7zo", 
    "type": "filter", 
    "op": "eq"
  }, 
  {
    "name": "IdeaWordCloud Filter", 
    "val": "2c8YxkCtyALkFQW6M", 
    "collection": "ideas", 
    "field": "userID", 
    "user": "Qe9ALEbfvKE6CQj2q", 
    "_id": "4iNgmJdN4RjXmZjQi", 
    "type": "filter", 
    "op": "eq"
  }, 
  {
    "name": "IdeaWordCloud Filter", 
    "val": "gsK5j2d2CKGpzneDY", 
    "collection": "ideas", 
    "field": "userID", 
    "user": "Qe9ALEbfvKE6CQj2q", 
    "_id": "LAD9e6CnjaCP5FixF", 
    "type": "filter", 
    "op": "eq"
  }, 
  {
    "name": "IdeaWordCloud Filter", 
    "val": "KGzvRrMDx8sGiTg53", 
    "collection": "ideas", 
    "field": "userID", 
    "user": "Qe9ALEbfvKE6CQj2q", 
    "_id": "Dh6TYAgqyE245Mr3u", 
    "type": "filter", 
    "op": "eq"
  }, 
  {
    "name": "IdeaWordCloud Filter", 
    "val": "F3nW5MygZ5PkbHSAn", 
    "collection": "ideas", 
    "field": "userID", 
    "user": "Qe9ALEbfvKE6CQj2q", 
    "_id": "YSmKdjPiEjnMpugDu", 
    "type": "filter", 
    "op": "eq"
  }, 
  {
    "name": "IdeaWordCloud Filter", 
    "val": "YwB2e8ijEpYgax2Lv", 
    "collection": "ideas", 
    "field": "userID", 
    "user": "Qe9ALEbfvKE6CQj2q", 
    "_id": "qLjF5tpEqPmMo2R2i", 
    "type": "filter", 
    "op": "eq"
  }, 
  {
    "name": "IdeaWordCloud Filter", 
    "val": "PwXGFaFnRtE2nfmAX", 
    "collection": "ideas", 
    "field": "userID", 
    "user": "Qe9ALEbfvKE6CQj2q", 
    "_id": "zEhvKhCSyDTswW4ni", 
    "type": "filter", 
    "op": "eq"
  }, 
  {
    "name": "IdeaWordCloud Filter", 
    "val": "jAC5zMLjjoiih2y7Y", 
    "collection": "ideas", 
    "field": "userID", 
    "user": "Qe9ALEbfvKE6CQj2q", 
    "_id": "a8R3aBsDkSh2cxBv3", 
    "type": "filter", 
    "op": "eq"
  }, 
  {
    "name": "IdeaWordCloud Filter", 
    "val": "c5TEd3SsLNkLeJb5w", 
    "collection": "ideas", 
    "field": "userID", 
    "user": "Qe9ALEbfvKE6CQj2q", 
    "_id": "bgqdxqHKthwWT5jBQ", 
    "type": "filter", 
    "op": "eq"
  }, 
  {
    "name": "Ideas Filter", 
    "val": "KGzvRrMDx8sGiTg53", 
    "collection": "ideas", 
    "field": "userID", 
    "user": "hS2KnAZ76JT8zsrqt", 
    "_id": "vpDAa7rozg6qAWp2R", 
    "type": "filter", 
    "op": "eq"
  }, 
  {
    "name": "Ideas Filter", 
    "val": "KGzvRrMDx8sGiTg53", 
    "collection": "ideas", 
    "field": "userID", 
    "user": "Qe9ALEbfvKE6CQj2q", 
    "_id": "6b9NtvxXeYXtDwA2o", 
    "type": "filter", 
    "op": "eq"
  }, 
  {
    "name": "IdeaWordCloud Filter", 
    "val": "KGzvRrMDx8sGiTg53", 
    "collection": "ideas", 
    "field": "userID", 
    "user": "hS2KnAZ76JT8zsrqt", 
    "_id": "FkMZhPAR6LRS7Zdgc", 
    "type": "filter", 
    "op": "eq"
  }, 
  {
    "name": "IdeaWordCloud Filter", 
    "val": "KGzvRrMDx8sGiTg53", 
    "collection": "ideas", 
    "field": "userID", 
    "user": "Qe9ALEbfvKE6CQj2q", 
    "_id": "SYrrwnzXE2cucrZDK", 
    "type": "filter", 
    "op": "eq"
  }, 
  {
    "name": "Ideas Filter", 
    "val": "ytjXuZiW7xk6uaoCJ", 
    "collection": "ideas", 
    "field": "prompt._id", 
    "user": "hS2KnAZ76JT8zsrqt", 
    "_id": "J22AyP3MowRuiChQ3", 
    "type": "filter", 
    "op": "eq"
  }, 
  {
    "name": "Ideas Filter", 
    "val": "dummyStringThatWillNeverMatch", 
    "collection": "ideas", 
    "field": "userID", 
    "user": "hS2KnAZ76JT8zsrqt", 
    "_id": "zD2HvBDRskGyrHjQj", 
    "type": "filter", 
    "op": "eq"
  }, 
  {
    "name": "IdeaWordCloud Filter", 
    "val": "ytjXuZiW7xk6uaoCJ", 
    "collection": "ideas", 
    "field": "prompt._id", 
    "user": "hS2KnAZ76JT8zsrqt", 
    "_id": "4vqEsugajSQgBavRb", 
    "type": "filter", 
    "op": "eq"
  }, 
  {
    "name": "IdeaWordCloud Filter", 
    "val": "dummyStringThatWillNeverMatch", 
    "collection": "ideas", 
    "field": "userID", 
    "user": "hS2KnAZ76JT8zsrqt", 
    "_id": "vj7wr5KmL7i6mHkfs", 
    "type": "filter", 
    "op": "eq"
  }, 
  {
    "name": "Tasks Filter", 
    "val": "ytjXuZiW7xk6uaoCJ", 
    "collection": "tasks", 
    "field": "promptID", 
    "user": "hS2KnAZ76JT8zsrqt", 
    "_id": "FSmiEfBwE7vziwtkS", 
    "type": "filter", 
    "op": "eq"
  }, 
  {
    "name": "Tasks Filter", 
    "val": "3uuMMpDLvYmxBDSkn", 
    "collection": "tasks", 
    "field": "groupID", 
    "user": "hS2KnAZ76JT8zsrqt", 
    "_id": "NsxEjoy8keFsLeee6", 
    "type": "filter", 
    "op": "eq"
  }, 
  {
    "name": "Ideas Filter", 
    "val": "8wRk5YTRoHCcntTxd", 
    "collection": "ideas", 
    "field": "userID", 
    "user": "hS2KnAZ76JT8zsrqt", 
    "_id": "jtcWZbnBkd8AdXPPS", 
    "type": "filter", 
    "op": "eq"
  }, 
  {
    "name": "IdeaWordCloud Filter", 
    "val": "8wRk5YTRoHCcntTxd", 
    "collection": "ideas", 
    "field": "userID", 
    "user": "hS2KnAZ76JT8zsrqt", 
    "_id": "B4H3NAQFLXCkAPwq5", 
    "type": "filter", 
    "op": "eq"
  }, 
  {
    "name": "Ideas Filter", 
    "val": "7CPXtoSBeuk9TgrXx", 
    "collection": "ideas", 
    "field": "userID", 
    "user": "hS2KnAZ76JT8zsrqt", 
    "_id": "EFRhFARYrqjZTtJEo", 
    "type": "filter", 
    "op": "eq"
  }, 
  {
    "name": "IdeaWordCloud Filter", 
    "val": "7CPXtoSBeuk9TgrXx", 
    "collection": "ideas", 
    "field": "userID", 
    "user": "hS2KnAZ76JT8zsrqt", 
    "_id": "8HhnwDgp8BEqXr9ib", 
    "type": "filter", 
    "op": "eq"
  }, 
  {
    "name": "Ideas Filter", 
    "val": "BvRHXHqPv33Z6dKYY", 
    "collection": "ideas", 
    "field": "userID", 
    "user": "hS2KnAZ76JT8zsrqt", 
    "_id": "Wfvb7iY5vnbH3fTue", 
    "type": "filter", 
    "op": "eq"
  }, 
  {
    "name": "IdeaWordCloud Filter", 
    "val": "BvRHXHqPv33Z6dKYY", 
    "collection": "ideas", 
    "field": "userID", 
    "user": "hS2KnAZ76JT8zsrqt", 
    "_id": "nQzJPjnY7czDMqCfx", 
    "type": "filter", 
    "op": "eq"
  }, 
  {
    "name": "Ideas Filter", 
    "val": "EYNBbzxxAErgyEN3J", 
    "collection": "ideas", 
    "field": "userID", 
    "user": "hS2KnAZ76JT8zsrqt", 
    "_id": "TJaMX4Hp37Dr5v3WX", 
    "type": "filter", 
    "op": "eq"
  }, 
  {
    "name": "IdeaWordCloud Filter", 
    "val": "EYNBbzxxAErgyEN3J", 
    "collection": "ideas", 
    "field": "userID", 
    "user": "hS2KnAZ76JT8zsrqt", 
    "_id": "JQNpFhJaP9WKSFocA", 
    "type": "filter", 
    "op": "eq"
  }, 
  {
    "name": "Ideas Filter", 
    "val": "QAo9QERau8oRdejTd", 
    "collection": "ideas", 
    "field": "userID", 
    "user": "hS2KnAZ76JT8zsrqt", 
    "_id": "7HNHTzM3fPdgDdX9c", 
    "type": "filter", 
    "op": "eq"
  }, 
  {
    "name": "IdeaWordCloud Filter", 
    "val": "QAo9QERau8oRdejTd", 
    "collection": "ideas", 
    "field": "userID", 
    "user": "hS2KnAZ76JT8zsrqt", 
    "_id": "vFFewjbpXWQgSsgFH", 
    "type": "filter", 
    "op": "eq"
  }, 
  {
    "name": "Ideas Filter", 
    "val": "929XQh997yrty6vdH", 
    "collection": "ideas", 
    "field": "userID", 
    "user": "hS2KnAZ76JT8zsrqt", 
    "_id": "NRTN3rCgCenPdhjjM", 
    "type": "filter", 
    "op": "eq"
  }, 
  {
    "name": "IdeaWordCloud Filter", 
    "val": "929XQh997yrty6vdH", 
    "collection": "ideas", 
    "field": "userID", 
    "user": "hS2KnAZ76JT8zsrqt", 
    "_id": "HpXYwN6XRo4xWD6fH", 
    "type": "filter", 
    "op": "eq"
  }, 
  {
    "name": "Ideas Filter", 
    "val": "5cG2jhspkgBTRWXFD", 
    "collection": "ideas", 
    "field": "userID", 
    "user": "hS2KnAZ76JT8zsrqt", 
    "_id": "2t64cLyEbHbdzzghd", 
    "type": "filter", 
    "op": "eq"
  }, 
  {
    "name": "IdeaWordCloud Filter", 
    "val": "5cG2jhspkgBTRWXFD", 
    "collection": "ideas", 
    "field": "userID", 
    "user": "hS2KnAZ76JT8zsrqt", 
    "_id": "MHMDyramzAAkyHtYB", 
    "type": "filter", 
    "op": "eq"
  }, 
  {
    "name": "Ideas Filter", 
    "val": "S5Qewa33cnk7FDCgb", 
    "collection": "ideas", 
    "field": "userID", 
    "user": "hS2KnAZ76JT8zsrqt", 
    "_id": "6MyXBDZd5hWSaGzwr", 
    "type": "filter", 
    "op": "eq"
  }, 
  {
    "name": "IdeaWordCloud Filter", 
    "val": "S5Qewa33cnk7FDCgb", 
    "collection": "ideas", 
    "field": "userID", 
    "user": "hS2KnAZ76JT8zsrqt", 
    "_id": "HP3ifdWgbMs97cHBD", 
    "type": "filter", 
    "op": "eq"
  }, 
  {
    "name": "Ideas Filter", 
    "val": "cpcesbyxsHxP5BfnP", 
    "collection": "ideas", 
    "field": "userID", 
    "user": "hS2KnAZ76JT8zsrqt", 
    "_id": "2sJDEJEBD5baoCiDW", 
    "type": "filter", 
    "op": "eq"
  }, 
  {
    "name": "IdeaWordCloud Filter", 
    "val": "8e6rKPn5B93x4DGNL", 
    "collection": "ideas", 
    "field": "userID", 
    "user": "hS2KnAZ76JT8zsrqt", 
    "_id": "juCp5xofAmgz6LeHb", 
    "type": "filter", 
    "op": "eq"
  }, 
  {
    "name": "Ideas Filter", 
    "val": "SfLdd9KZsYaFBoqgX", 
    "collection": "ideas", 
    "field": "userID", 
    "user": "hS2KnAZ76JT8zsrqt", 
    "_id": "Mr5GLoNciF2RhEPym", 
    "type": "filter", 
    "op": "eq"
  }, 
  {
    "name": "IdeaWordCloud Filter", 
    "val": "SfLdd9KZsYaFBoqgX", 
    "collection": "ideas", 
    "field": "userID", 
    "user": "hS2KnAZ76JT8zsrqt", 
    "_id": "nnH8GFf49cDC3eRR5", 
    "type": "filter", 
    "op": "eq"
  }, 
  {
    "name": "Ideas Filter", 
    "val": "F3nW5MygZ5PkbHSAn", 
    "collection": "ideas", 
    "field": "userID", 
    "user": "hS2KnAZ76JT8zsrqt", 
    "_id": "D28QvgxrGMuGPDSXL", 
    "type": "filter", 
    "op": "eq"
  }, 
  {
    "name": "IdeaWordCloud Filter", 
    "val": "F3nW5MygZ5PkbHSAn", 
    "collection": "ideas", 
    "field": "userID", 
    "user": "hS2KnAZ76JT8zsrqt", 
    "_id": "yjAnkTHSoNbqxqeXX", 
    "type": "filter", 
    "op": "eq"
  }, 
  {
    "name": "Ideas Filter", 
    "val": "ytjXuZiW7xk6uaoCJ", 
    "collection": "ideas", 
    "field": "prompt._id", 
    "user": "Qe9ALEbfvKE6CQj2q", 
    "_id": "xrqGhFnGKEWoTNyJd", 
    "type": "filter", 
    "op": "eq"
  }, 
  {
    "name": "Ideas Filter", 
    "val": "7CPXtoSBeuk9TgrXx", 
    "collection": "ideas", 
    "field": "userID", 
    "user": "Qe9ALEbfvKE6CQj2q", 
    "_id": "NitLDuuLi7e539TcM", 
    "type": "filter", 
    "op": "eq"
  }, 
  {
    "name": "Ideas Filter", 
    "val": "QAo9QERau8oRdejTd", 
    "collection": "ideas", 
    "field": "userID", 
    "user": "Qe9ALEbfvKE6CQj2q", 
    "_id": "7S3fx5oqxzLDgncD9", 
    "type": "filter", 
    "op": "eq"
  }, 
  {
    "name": "Ideas Filter", 
    "val": "BvRHXHqPv33Z6dKYY", 
    "collection": "ideas", 
    "field": "userID", 
    "user": "Qe9ALEbfvKE6CQj2q", 
    "_id": "RQeNzdEfm7YmfkdNz", 
    "type": "filter", 
    "op": "eq"
  }, 
  {
    "name": "Ideas Filter", 
    "val": "EYNBbzxxAErgyEN3J", 
    "collection": "ideas", 
    "field": "userID", 
    "user": "Qe9ALEbfvKE6CQj2q", 
    "_id": "tizi2R7a3imbEpg5A", 
    "type": "filter", 
    "op": "eq"
  }, 
  {
    "name": "Ideas Filter", 
    "val": "5cG2jhspkgBTRWXFD", 
    "collection": "ideas", 
    "field": "userID", 
    "user": "Qe9ALEbfvKE6CQj2q", 
    "_id": "DA2M4M8Q4yqyPytYu", 
    "type": "filter", 
    "op": "eq"
  }, 
  {
    "name": "Ideas Filter", 
    "val": "AJeEhczTzWNSQ2ubJ", 
    "collection": "ideas", 
    "field": "userID", 
    "user": "Qe9ALEbfvKE6CQj2q", 
    "_id": "WGFyFwCwA5tR3H5Mb", 
    "type": "filter", 
    "op": "eq"
  }, 
  {
    "name": "Ideas Filter", 
    "val": "PwXGFaFnRtE2nfmAX", 
    "collection": "ideas", 
    "field": "userID", 
    "user": "Qe9ALEbfvKE6CQj2q", 
    "_id": "JM3hvqYrvLyrFKShH", 
    "type": "filter", 
    "op": "eq"
  }
]