[
  {
    "promptIDs": [
      "ytjXuZiW7xk6uaoCJ"
    ], 
    "users": [
      {
        "_id": "hS2KnAZ76JT8zsrqt", 
        "type": "Brainstorm user", 
        "name": "Joel", 
        "groupID": "YhX75KNXnive9G3CH"
      }
    ], 
    "isOpen": true, 
    "assignments": {
      "HcompIdeator": [], 
      "HcompFacilitator": [
        {
          "_id": "hS2KnAZ76JT8zsrqt", 
          "type": "Brainstorm user", 
          "name": "Joel", 
          "groupID": "YhX75KNXnive9G3CH"
        }
      ]
    }, 
    "template": {
      "roles": [
        {
          "workflow": [
            "HcompIdeation", 
            "HcompSynthesis"
          ], 
          "num": -1, 
          "title": "HcompIdeator"
        }, 
        {
          "workflow": [
            "HcompDashboard", 
            "HcompResultsPage"
          ], 
          "num": -1, 
          "title": "HcompFacilitator"
        }
      ], 
      "size": -1
    }, 
    "_id": "YhX75KNXnive9G3CH"
  }, 
  {
    "promptIDs": [
      "ytjXuZiW7xk6uaoCJ"
    ], 
    "users": [
      {
        "name": "A3LD1G3R5NOVYH", 
        "route": "HcompConsentPage", 
        "mturk": "r0pvezDFNsb7G4ov", 
        "_id": "7CPXtoSBeuk9TgrXx", 
        "type": "Brainstorm user", 
        "groupID": "3uuMMpDLvYmxBDSkn"
      }, 
      {
        "name": "A2I6SK5KL0WMJS", 
        "route": "HcompConsentPage", 
        "mturk": "afDPYWKdh7SHo51N", 
        "_id": "QAo9QERau8oRdejTd", 
        "type": "Brainstorm user", 
        "groupID": "3uuMMpDLvYmxBDSkn"
      }, 
      {
        "name": "A3KYFEDDBCFQU1", 
        "route": "HcompConsentPage", 
        "mturk": "zAwXWfaDGmYEzK5O", 
        "_id": "upCPGqe3ArZ8cfh26", 
        "type": "Brainstorm user", 
        "groupID": "3uuMMpDLvYmxBDSkn"
      }, 
      {
        "name": "A12AU8BCHVKJ59", 
        "route": "HcompConsentPage", 
        "mturk": "jPmQQeM2VgkcBVps", 
        "_id": "sknZwRKJH84MYNvzw", 
        "type": "Brainstorm user", 
        "groupID": "3uuMMpDLvYmxBDSkn"
      }, 
      {
        "name": "A19PV1OH8RBVX8", 
        "route": "HcompConsentPage", 
        "mturk": "bK3wbwaGockv3abm", 
        "_id": "W6kdSmnfBqQFnbZYb", 
        "type": "Brainstorm user", 
        "groupID": "3uuMMpDLvYmxBDSkn"
      }, 
      {
        "name": "A2FUMA4UR6S920", 
        "route": "HcompConsentPage", 
        "mturk": "8xqAMx2MNIboT8qv", 
        "_id": "BvRHXHqPv33Z6dKYY", 
        "type": "Brainstorm user", 
        "groupID": "3uuMMpDLvYmxBDSkn"
      }, 
      {
        "name": "A2E3TO92MCQ9XU", 
        "route": "HcompConsentPage", 
        "mturk": "X6RNE7bfR9okdwAP", 
        "_id": "Ak43cC8Sxt9MddsqJ", 
        "type": "Brainstorm user", 
        "groupID": "3uuMMpDLvYmxBDSkn"
      }, 
      {
        "name": "A1L3CBYMK1QS2Z", 
        "route": "HcompConsentPage", 
        "mturk": "T7Qus45XynFcepS6", 
        "_id": "EYNBbzxxAErgyEN3J", 
        "type": "Brainstorm user", 
        "groupID": "3uuMMpDLvYmxBDSkn"
      }, 
      {
        "name": "A25CAT0W9W97Z8", 
        "route": "HcompConsentPage", 
        "mturk": "O2611VDVCP5OqIjW", 
        "_id": "kPsteimJhhab4pk9C", 
        "type": "Brainstorm user", 
        "groupID": "3uuMMpDLvYmxBDSkn"
      }, 
      {
        "name": "A1HBU82366WX00", 
        "route": "HcompConsentPage", 
        "mturk": "MqwSVvs87rYYXdVn", 
        "_id": "5cG2jhspkgBTRWXFD", 
        "type": "Brainstorm user", 
        "groupID": "3uuMMpDLvYmxBDSkn"
      }, 
      {
        "name": "A31WQAWI4HVUQ4", 
        "route": "HcompConsentPage", 
        "mturk": "JSu0ZIENulZoA5d2", 
        "_id": "8wRk5YTRoHCcntTxd", 
        "type": "Brainstorm user", 
        "groupID": "3uuMMpDLvYmxBDSkn"
      }, 
      {
        "name": "A2R6RF39X5TG78", 
        "route": "HcompConsentPage", 
        "mturk": "1NJuruMIyI13Moen", 
        "_id": "j7iiZnY2B9f77hhd2", 
        "type": "Brainstorm user", 
        "groupID": "3uuMMpDLvYmxBDSkn"
      }, 
      {
        "name": "A1SJRFJWFXSDH4", 
        "route": "HcompConsentPage", 
        "mturk": "OalKqR7BFgmLtHLc", 
        "_id": "aQvsxGqX2ZBQaQc6p", 
        "type": "Brainstorm user", 
        "groupID": "3uuMMpDLvYmxBDSkn"
      }, 
      {
        "name": "A271YRT7SPDHSA", 
        "route": "HcompConsentPage", 
        "mturk": "7DBo1XfmjLWpo8IJ", 
        "_id": "ve2tXciGNdwshwz8s", 
        "type": "Brainstorm user", 
        "groupID": "3uuMMpDLvYmxBDSkn"
      }, 
      {
        "name": "A36KDWI1CGJFFA", 
        "route": "HcompConsentPage", 
        "mturk": "6woHSLGWmPo0Idbn", 
        "_id": "929XQh997yrty6vdH", 
        "type": "Brainstorm user", 
        "groupID": "3uuMMpDLvYmxBDSkn"
      }, 
      {
        "name": "A18O7OUFOB63SO", 
        "route": "HcompConsentPage", 
        "mturk": "YlfakpEz8BPfsVIs", 
        "_id": "E3aphA8xjHjcnDxRc", 
        "type": "Brainstorm user", 
        "groupID": "3uuMMpDLvYmxBDSkn"
      }, 
      {
        "name": "A11S8IAAVDXCUS", 
        "route": "HcompConsentPage", 
        "mturk": "KTDNYFTx8EQqznEC", 
        "_id": "PgnLSiRTaoY2RZWeJ", 
        "type": "Brainstorm user", 
        "groupID": "3uuMMpDLvYmxBDSkn"
      }, 
      {
        "name": "A8HJQ9FYV249W", 
        "route": "HcompConsentPage", 
        "mturk": "zw4NVtfhWEcbeOjw", 
        "_id": "S5Qewa33cnk7FDCgb", 
        "type": "Brainstorm user", 
        "groupID": "3uuMMpDLvYmxBDSkn"
      }, 
      {
        "name": "A1QIJ8PQO27CJC", 
        "route": "HcompConsentPage", 
        "mturk": "88ZTF2aoBHAyFDhk", 
        "_id": "cpcesbyxsHxP5BfnP", 
        "type": "Brainstorm user", 
        "groupID": "3uuMMpDLvYmxBDSkn"
      }, 
      {
        "name": "ARG47LD1T4XXY", 
        "route": "HcompConsentPage", 
        "mturk": "eKMCWJWzPoCBgWUU", 
        "_id": "ikrTZEHitS5zzmMTX", 
        "type": "Brainstorm user", 
        "groupID": "3uuMMpDLvYmxBDSkn"
      }, 
      {
        "name": "AOPASFIW08RM6", 
        "route": "HcompConsentPage", 
        "mturk": "Vs3OvHkuTKDmRJAL", 
        "_id": "cYthB6KzHRNofkiDs", 
        "type": "Brainstorm user", 
        "groupID": "3uuMMpDLvYmxBDSkn"
      }, 
      {
        "name": "A38HODAQUKJKKS", 
        "route": "HcompConsentPage", 
        "mturk": "ziJjT4kNZsPj2EP4", 
        "_id": "JrZPZYnWg6aidy8rY", 
        "type": "Brainstorm user", 
        "groupID": "3uuMMpDLvYmxBDSkn"
      }, 
      {
        "name": "A14R41FAPZKKP3", 
        "route": "HcompConsentPage", 
        "mturk": "ic2B9rr6Q1EjADRT", 
        "_id": "EMgfGSsxB7M8L4pJE", 
        "type": "Brainstorm user", 
        "groupID": "3uuMMpDLvYmxBDSkn"
      }, 
      {
        "name": "A3FYQPY2QZ7NRR", 
        "route": "HcompConsentPage", 
        "mturk": "1YygMlwNhneo5TDr", 
        "_id": "mcaYWnAqqrWeYjjQG", 
        "type": "Brainstorm user", 
        "groupID": "3uuMMpDLvYmxBDSkn"
      }, 
      {
        "name": "A1DY4DM16TBFPL", 
        "route": "HcompConsentPage", 
        "mturk": "TTD1ZA5UPnWrttBB", 
        "_id": "AAoKyWapKySaDNKaR", 
        "type": "Brainstorm user", 
        "groupID": "3uuMMpDLvYmxBDSkn"
      }, 
      {
        "name": "A3E3RCR51Z8EVP", 
        "route": "HcompConsentPage", 
        "mturk": "40RSOzxTFk1azzZN", 
        "_id": "BffvvdWAGYtLriyBe", 
        "type": "Brainstorm user", 
        "groupID": "3uuMMpDLvYmxBDSkn"
      }, 
      {
        "name": "A13Y8BFNLLB5U2", 
        "route": "HcompConsentPage", 
        "mturk": "OJ4NNDlfXpXbUMxq", 
        "_id": "Wy85XXTPicoJi3K5F", 
        "type": "Brainstorm user", 
        "groupID": "3uuMMpDLvYmxBDSkn"
      }, 
      {
        "name": "A3PCBMTA2RXGAJ", 
        "route": "HcompConsentPage", 
        "mturk": "mxCA7eugRcZrZN1k", 
        "_id": "mb9mJeWEiAfQ5aHMu", 
        "type": "Brainstorm user", 
        "groupID": "3uuMMpDLvYmxBDSkn"
      }, 
      {
        "name": "AYC97GMI4V7Y4", 
        "route": "HcompConsentPage", 
        "mturk": "LhMKazCWIrln7UPY", 
        "_id": "CqH5DwwoLj2YhrNHS", 
        "type": "Brainstorm user", 
        "groupID": "3uuMMpDLvYmxBDSkn"
      }, 
      {
        "name": "A70AS0KVKADBY", 
        "route": "HcompConsentPage", 
        "mturk": "lXIthejTwxIo9lW5", 
        "_id": "Y7NDRdgJjRjZbWGEC", 
        "type": "Brainstorm user", 
        "groupID": "3uuMMpDLvYmxBDSkn"
      }, 
      {
        "name": "A81E86PSRR80C", 
        "route": "HcompConsentPage", 
        "mturk": "uDQjX7vWtDigCEvx", 
        "_id": "AJeEhczTzWNSQ2ubJ", 
        "type": "Brainstorm user", 
        "groupID": "3uuMMpDLvYmxBDSkn"
      }, 
      {
        "name": "AEBK99VI4H0BT", 
        "route": "HcompConsentPage", 
        "mturk": "pAKuCO5DAAFboYwN", 
        "_id": "nGqnmyTyEEnH8yTLK", 
        "type": "Brainstorm user", 
        "groupID": "3uuMMpDLvYmxBDSkn"
      }, 
      {
        "name": "AKDPKZLO2EZS5", 
        "route": "HcompConsentPage", 
        "mturk": "W8NqaTaRhA088XUn", 
        "_id": "SfLdd9KZsYaFBoqgX", 
        "type": "Brainstorm user", 
        "groupID": "3uuMMpDLvYmxBDSkn"
      }, 
      {
        "name": "A22JUNEG1JA8Q7", 
        "route": "HcompConsentPage", 
        "mturk": "aGgyDrNf9F9WJddS", 
        "_id": "5Lbv8YF4Z3C2JqaYQ", 
        "type": "Brainstorm user", 
        "groupID": "3uuMMpDLvYmxBDSkn"
      }, 
      {
        "name": "AMFR3KYTD4XBV", 
        "route": "HcompConsentPage", 
        "mturk": "YNwlKBFTH29NOkKE", 
        "_id": "8e6rKPn5B93x4DGNL", 
        "type": "Brainstorm user", 
        "groupID": "3uuMMpDLvYmxBDSkn"
      }, 
      {
        "name": "A29MXEKPLHDJ1O", 
        "route": "HcompConsentPage", 
        "mturk": "rETbgBCTSDlZlKZK", 
        "_id": "br4g8Amwbq65vnc7G", 
        "type": "Brainstorm user", 
        "groupID": "3uuMMpDLvYmxBDSkn"
      }, 
      {
        "name": "A14SABDOE6QHMK", 
        "route": "HcompConsentPage", 
        "mturk": "7kXQhGt5s14xkG1O", 
        "_id": "2c8YxkCtyALkFQW6M", 
        "type": "Brainstorm user", 
        "groupID": "3uuMMpDLvYmxBDSkn"
      }, 
      {
        "name": "A2W3QPD493MHEI", 
        "route": "HcompConsentPage", 
        "mturk": "SxqVW5S4a3AWrSEY", 
        "_id": "NrtymTxhHiG3u2dF7", 
        "type": "Brainstorm user", 
        "groupID": "3uuMMpDLvYmxBDSkn"
      }, 
      {
        "name": "A1OERQBV3TI7LD", 
        "route": "HcompConsentPage", 
        "mturk": "pFgrEidib52uWAWK", 
        "_id": "gsK5j2d2CKGpzneDY", 
        "type": "Brainstorm user", 
        "groupID": "3uuMMpDLvYmxBDSkn"
      }, 
      {
        "name": "A31KV6ETEFLOEM", 
        "route": "HcompConsentPage", 
        "mturk": "uMnEQqB2TQQ3xRtp", 
        "_id": "Gzequ4jhe6DvY8LPC", 
        "type": "Brainstorm user", 
        "groupID": "3uuMMpDLvYmxBDSkn"
      }, 
      {
        "name": "AFZ2GF2AV8VCI", 
        "route": "HcompConsentPage", 
        "mturk": "L8ayZBocGViNcxb0", 
        "_id": "A7cjvvmQNQ6zEYpP7", 
        "type": "Brainstorm user", 
        "groupID": "3uuMMpDLvYmxBDSkn"
      }, 
      {
        "name": "A3AE627X3R2JQI", 
        "route": "HcompConsentPage", 
        "mturk": "yCw3kCdQXTub5fbO", 
        "_id": "KGzvRrMDx8sGiTg53", 
        "type": "Brainstorm user", 
        "groupID": "3uuMMpDLvYmxBDSkn"
      }, 
      {
        "name": "A3A0F9JZNLLSR0", 
        "route": "HcompConsentPage", 
        "mturk": "oFz6HuHq8CDscfgy", 
        "_id": "7MDTf2Dg7waE4tDTh", 
        "type": "Brainstorm user", 
        "groupID": "3uuMMpDLvYmxBDSkn"
      }, 
      {
        "name": "A3LARK2XWBY8BI", 
        "route": "HcompConsentPage", 
        "mturk": "C5U8Z6kOUXRTkrb3", 
        "_id": "F3nW5MygZ5PkbHSAn", 
        "type": "Brainstorm user", 
        "groupID": "3uuMMpDLvYmxBDSkn"
      }, 
      {
        "name": "A3GWOC2Q53BW2N", 
        "route": "HcompConsentPage", 
        "mturk": "QHQpdeVwz4GKpzYk", 
        "_id": "BXSjvTdmuMPfQf7ss", 
        "type": "Brainstorm user", 
        "groupID": "3uuMMpDLvYmxBDSkn"
      }, 
      {
        "name": "A1EMOFLE6FA09Z", 
        "route": "HcompConsentPage", 
        "mturk": "0SibjeBbW5FjLQKd", 
        "_id": "YwB2e8ijEpYgax2Lv", 
        "type": "Brainstorm user", 
        "groupID": "3uuMMpDLvYmxBDSkn"
      }, 
      {
        "name": "A1KZRSLKACHL4D", 
        "route": "HcompConsentPage", 
        "mturk": "Lw9YGEgTfOPOAcGW", 
        "_id": "Gvv5wEW9K5QiBh7bQ", 
        "type": "Brainstorm user", 
        "groupID": "3uuMMpDLvYmxBDSkn"
      }, 
      {
        "name": "AY5J43G9KD11K", 
        "route": "HcompConsentPage", 
        "mturk": "8b3cxjPLR5lLc2j2", 
        "_id": "PwXGFaFnRtE2nfmAX", 
        "type": "Brainstorm user", 
        "groupID": "3uuMMpDLvYmxBDSkn"
      }, 
      {
        "name": "a1xx3brospmhqf", 
        "route": "HcompConsentPage", 
        "mturk": "P8Ntlu6DchmCntjz", 
        "_id": "LWx2RBAecgiDjYzgR", 
        "type": "Brainstorm user", 
        "groupID": "3uuMMpDLvYmxBDSkn"
      }, 
      {
        "name": "A9KLWB70I12U7", 
        "route": "HcompConsentPage", 
        "mturk": "EaeEAQyCrfbeDerl", 
        "_id": "jAC5zMLjjoiih2y7Y", 
        "type": "Brainstorm user", 
        "groupID": "3uuMMpDLvYmxBDSkn"
      }, 
      {
        "name": "A2TKF8DPMLXRUO", 
        "route": "HcompConsentPage", 
        "mturk": "ifAntVdehWpnOcXZ", 
        "_id": "qJjzor7DAnxLKtHp4", 
        "type": "Brainstorm user", 
        "groupID": "3uuMMpDLvYmxBDSkn"
      }, 
      {
        "name": "A3N6Z886JPK4BG", 
        "route": "HcompConsentPage", 
        "mturk": "IHl9qogrgMeBgCw8", 
        "_id": "c5TEd3SsLNkLeJb5w", 
        "type": "Brainstorm user", 
        "groupID": "3uuMMpDLvYmxBDSkn"
      }, 
      {
        "name": "A110BZSDZN7E16", 
        "route": "HcompConsentPage", 
        "mturk": "2DD5FGXw28zpnbOH", 
        "_id": "ZinKTnfBkxZk5wAQp", 
        "type": "Brainstorm user", 
        "groupID": "3uuMMpDLvYmxBDSkn"
      }
    ], 
    "isOpen": true, 
    "assignments": {
      "HcompIdeator": [
        {
          "name": "A3LD1G3R5NOVYH", 
          "route": "HcompConsentPage", 
          "mturk": "r0pvezDFNsb7G4ov", 
          "_id": "7CPXtoSBeuk9TgrXx", 
          "type": "Brainstorm user", 
          "groupID": "3uuMMpDLvYmxBDSkn"
        }, 
        {
          "name": "A2I6SK5KL0WMJS", 
          "route": "HcompConsentPage", 
          "mturk": "afDPYWKdh7SHo51N", 
          "_id": "QAo9QERau8oRdejTd", 
          "type": "Brainstorm user", 
          "groupID": "3uuMMpDLvYmxBDSkn"
        }, 
        {
          "name": "A3KYFEDDBCFQU1", 
          "route": "HcompConsentPage", 
          "mturk": "zAwXWfaDGmYEzK5O", 
          "_id": "upCPGqe3ArZ8cfh26", 
          "type": "Brainstorm user", 
          "groupID": "3uuMMpDLvYmxBDSkn"
        }, 
        {
          "name": "A12AU8BCHVKJ59", 
          "route": "HcompConsentPage", 
          "mturk": "jPmQQeM2VgkcBVps", 
          "_id": "sknZwRKJH84MYNvzw", 
          "type": "Brainstorm user", 
          "groupID": "3uuMMpDLvYmxBDSkn"
        }, 
        {
          "name": "A19PV1OH8RBVX8", 
          "route": "HcompConsentPage", 
          "mturk": "bK3wbwaGockv3abm", 
          "_id": "W6kdSmnfBqQFnbZYb", 
          "type": "Brainstorm user", 
          "groupID": "3uuMMpDLvYmxBDSkn"
        }, 
        {
          "name": "A2FUMA4UR6S920", 
          "route": "HcompConsentPage", 
          "mturk": "8xqAMx2MNIboT8qv", 
          "_id": "BvRHXHqPv33Z6dKYY", 
          "type": "Brainstorm user", 
          "groupID": "3uuMMpDLvYmxBDSkn"
        }, 
        {
          "name": "A2E3TO92MCQ9XU", 
          "route": "HcompConsentPage", 
          "mturk": "X6RNE7bfR9okdwAP", 
          "_id": "Ak43cC8Sxt9MddsqJ", 
          "type": "Brainstorm user", 
          "groupID": "3uuMMpDLvYmxBDSkn"
        }, 
        {
          "name": "A1L3CBYMK1QS2Z", 
          "route": "HcompConsentPage", 
          "mturk": "T7Qus45XynFcepS6", 
          "_id": "EYNBbzxxAErgyEN3J", 
          "type": "Brainstorm user", 
          "groupID": "3uuMMpDLvYmxBDSkn"
        }, 
        {
          "name": "A25CAT0W9W97Z8", 
          "route": "HcompConsentPage", 
          "mturk": "O2611VDVCP5OqIjW", 
          "_id": "kPsteimJhhab4pk9C", 
          "type": "Brainstorm user", 
          "groupID": "3uuMMpDLvYmxBDSkn"
        }, 
        {
          "name": "A1HBU82366WX00", 
          "route": "HcompConsentPage", 
          "mturk": "MqwSVvs87rYYXdVn", 
          "_id": "5cG2jhspkgBTRWXFD", 
          "type": "Brainstorm user", 
          "groupID": "3uuMMpDLvYmxBDSkn"
        }, 
        {
          "name": "A31WQAWI4HVUQ4", 
          "route": "HcompConsentPage", 
          "mturk": "JSu0ZIENulZoA5d2", 
          "_id": "8wRk5YTRoHCcntTxd", 
          "type": "Brainstorm user", 
          "groupID": "3uuMMpDLvYmxBDSkn"
        }, 
        {
          "name": "A2R6RF39X5TG78", 
          "route": "HcompConsentPage", 
          "mturk": "1NJuruMIyI13Moen", 
          "_id": "j7iiZnY2B9f77hhd2", 
          "type": "Brainstorm user", 
          "groupID": "3uuMMpDLvYmxBDSkn"
        }, 
        {
          "name": "A1SJRFJWFXSDH4", 
          "route": "HcompConsentPage", 
          "mturk": "OalKqR7BFgmLtHLc", 
          "_id": "aQvsxGqX2ZBQaQc6p", 
          "type": "Brainstorm user", 
          "groupID": "3uuMMpDLvYmxBDSkn"
        }, 
        {
          "name": "A271YRT7SPDHSA", 
          "route": "HcompConsentPage", 
          "mturk": "7DBo1XfmjLWpo8IJ", 
          "_id": "ve2tXciGNdwshwz8s", 
          "type": "Brainstorm user", 
          "groupID": "3uuMMpDLvYmxBDSkn"
        }, 
        {
          "name": "A36KDWI1CGJFFA", 
          "route": "HcompConsentPage", 
          "mturk": "6woHSLGWmPo0Idbn", 
          "_id": "929XQh997yrty6vdH", 
          "type": "Brainstorm user", 
          "groupID": "3uuMMpDLvYmxBDSkn"
        }, 
        {
          "name": "A18O7OUFOB63SO", 
          "route": "HcompConsentPage", 
          "mturk": "YlfakpEz8BPfsVIs", 
          "_id": "E3aphA8xjHjcnDxRc", 
          "type": "Brainstorm user", 
          "groupID": "3uuMMpDLvYmxBDSkn"
        }, 
        {
          "name": "A11S8IAAVDXCUS", 
          "route": "HcompConsentPage", 
          "mturk": "KTDNYFTx8EQqznEC", 
          "_id": "PgnLSiRTaoY2RZWeJ", 
          "type": "Brainstorm user", 
          "groupID": "3uuMMpDLvYmxBDSkn"
        }, 
        {
          "name": "A8HJQ9FYV249W", 
          "route": "HcompConsentPage", 
          "mturk": "zw4NVtfhWEcbeOjw", 
          "_id": "S5Qewa33cnk7FDCgb", 
          "type": "Brainstorm user", 
          "groupID": "3uuMMpDLvYmxBDSkn"
        }, 
        {
          "name": "A1QIJ8PQO27CJC", 
          "route": "HcompConsentPage", 
          "mturk": "88ZTF2aoBHAyFDhk", 
          "_id": "cpcesbyxsHxP5BfnP", 
          "type": "Brainstorm user", 
          "groupID": "3uuMMpDLvYmxBDSkn"
        }, 
        {
          "name": "ARG47LD1T4XXY", 
          "route": "HcompConsentPage", 
          "mturk": "eKMCWJWzPoCBgWUU", 
          "_id": "ikrTZEHitS5zzmMTX", 
          "type": "Brainstorm user", 
          "groupID": "3uuMMpDLvYmxBDSkn"
        }, 
        {
          "name": "AOPASFIW08RM6", 
          "route": "HcompConsentPage", 
          "mturk": "Vs3OvHkuTKDmRJAL", 
          "_id": "cYthB6KzHRNofkiDs", 
          "type": "Brainstorm user", 
          "groupID": "3uuMMpDLvYmxBDSkn"
        }, 
        {
          "name": "A38HODAQUKJKKS", 
          "route": "HcompConsentPage", 
          "mturk": "ziJjT4kNZsPj2EP4", 
          "_id": "JrZPZYnWg6aidy8rY", 
          "type": "Brainstorm user", 
          "groupID": "3uuMMpDLvYmxBDSkn"
        }, 
        {
          "name": "A14R41FAPZKKP3", 
          "route": "HcompConsentPage", 
          "mturk": "ic2B9rr6Q1EjADRT", 
          "_id": "EMgfGSsxB7M8L4pJE", 
          "type": "Brainstorm user", 
          "groupID": "3uuMMpDLvYmxBDSkn"
        }, 
        {
          "name": "A3FYQPY2QZ7NRR", 
          "route": "HcompConsentPage", 
          "mturk": "1YygMlwNhneo5TDr", 
          "_id": "mcaYWnAqqrWeYjjQG", 
          "type": "Brainstorm user", 
          "groupID": "3uuMMpDLvYmxBDSkn"
        }, 
        {
          "name": "A1DY4DM16TBFPL", 
          "route": "HcompConsentPage", 
          "mturk": "TTD1ZA5UPnWrttBB", 
          "_id": "AAoKyWapKySaDNKaR", 
          "type": "Brainstorm user", 
          "groupID": "3uuMMpDLvYmxBDSkn"
        }, 
        {
          "name": "A3E3RCR51Z8EVP", 
          "route": "HcompConsentPage", 
          "mturk": "40RSOzxTFk1azzZN", 
          "_id": "BffvvdWAGYtLriyBe", 
          "type": "Brainstorm user", 
          "groupID": "3uuMMpDLvYmxBDSkn"
        }, 
        {
          "name": "A13Y8BFNLLB5U2", 
          "route": "HcompConsentPage", 
          "mturk": "OJ4NNDlfXpXbUMxq", 
          "_id": "Wy85XXTPicoJi3K5F", 
          "type": "Brainstorm user", 
          "groupID": "3uuMMpDLvYmxBDSkn"
        }, 
        {
          "name": "A3PCBMTA2RXGAJ", 
          "route": "HcompConsentPage", 
          "mturk": "mxCA7eugRcZrZN1k", 
          "_id": "mb9mJeWEiAfQ5aHMu", 
          "type": "Brainstorm user", 
          "groupID": "3uuMMpDLvYmxBDSkn"
        }, 
        {
          "name": "AYC97GMI4V7Y4", 
          "route": "HcompConsentPage", 
          "mturk": "LhMKazCWIrln7UPY", 
          "_id": "CqH5DwwoLj2YhrNHS", 
          "type": "Brainstorm user", 
          "groupID": "3uuMMpDLvYmxBDSkn"
        }, 
        {
          "name": "A70AS0KVKADBY", 
          "route": "HcompConsentPage", 
          "mturk": "lXIthejTwxIo9lW5", 
          "_id": "Y7NDRdgJjRjZbWGEC", 
          "type": "Brainstorm user", 
          "groupID": "3uuMMpDLvYmxBDSkn"
        }, 
        {
          "name": "A81E86PSRR80C", 
          "route": "HcompConsentPage", 
          "mturk": "uDQjX7vWtDigCEvx", 
          "_id": "AJeEhczTzWNSQ2ubJ", 
          "type": "Brainstorm user", 
          "groupID": "3uuMMpDLvYmxBDSkn"
        }, 
        {
          "name": "AEBK99VI4H0BT", 
          "route": "HcompConsentPage", 
          "mturk": "pAKuCO5DAAFboYwN", 
          "_id": "nGqnmyTyEEnH8yTLK", 
          "type": "Brainstorm user", 
          "groupID": "3uuMMpDLvYmxBDSkn"
        }, 
        {
          "name": "AKDPKZLO2EZS5", 
          "route": "HcompConsentPage", 
          "mturk": "W8NqaTaRhA088XUn", 
          "_id": "SfLdd9KZsYaFBoqgX", 
          "type": "Brainstorm user", 
          "groupID": "3uuMMpDLvYmxBDSkn"
        }, 
        {
          "name": "A22JUNEG1JA8Q7", 
          "route": "HcompConsentPage", 
          "mturk": "aGgyDrNf9F9WJddS", 
          "_id": "5Lbv8YF4Z3C2JqaYQ", 
          "type": "Brainstorm user", 
          "groupID": "3uuMMpDLvYmxBDSkn"
        }, 
        {
          "name": "AMFR3KYTD4XBV", 
          "route": "HcompConsentPage", 
          "mturk": "YNwlKBFTH29NOkKE", 
          "_id": "8e6rKPn5B93x4DGNL", 
          "type": "Brainstorm user", 
          "groupID": "3uuMMpDLvYmxBDSkn"
        }, 
        {
          "name": "A29MXEKPLHDJ1O", 
          "route": "HcompConsentPage", 
          "mturk": "rETbgBCTSDlZlKZK", 
          "_id": "br4g8Amwbq65vnc7G", 
          "type": "Brainstorm user", 
          "groupID": "3uuMMpDLvYmxBDSkn"
        }, 
        {
          "name": "A14SABDOE6QHMK", 
          "route": "HcompConsentPage", 
          "mturk": "7kXQhGt5s14xkG1O", 
          "_id": "2c8YxkCtyALkFQW6M", 
          "type": "Brainstorm user", 
          "groupID": "3uuMMpDLvYmxBDSkn"
        }, 
        {
          "name": "A2W3QPD493MHEI", 
          "route": "HcompConsentPage", 
          "mturk": "SxqVW5S4a3AWrSEY", 
          "_id": "NrtymTxhHiG3u2dF7", 
          "type": "Brainstorm user", 
          "groupID": "3uuMMpDLvYmxBDSkn"
        }, 
        {
          "name": "A1OERQBV3TI7LD", 
          "route": "HcompConsentPage", 
          "mturk": "pFgrEidib52uWAWK", 
          "_id": "gsK5j2d2CKGpzneDY", 
          "type": "Brainstorm user", 
          "groupID": "3uuMMpDLvYmxBDSkn"
        }, 
        {
          "name": "A31KV6ETEFLOEM", 
          "route": "HcompConsentPage", 
          "mturk": "uMnEQqB2TQQ3xRtp", 
          "_id": "Gzequ4jhe6DvY8LPC", 
          "type": "Brainstorm user", 
          "groupID": "3uuMMpDLvYmxBDSkn"
        }, 
        {
          "name": "AFZ2GF2AV8VCI", 
          "route": "HcompConsentPage", 
          "mturk": "L8ayZBocGViNcxb0", 
          "_id": "A7cjvvmQNQ6zEYpP7", 
          "type": "Brainstorm user", 
          "groupID": "3uuMMpDLvYmxBDSkn"
        }, 
        {
          "name": "A3AE627X3R2JQI", 
          "route": "HcompConsentPage", 
          "mturk": "yCw3kCdQXTub5fbO", 
          "_id": "KGzvRrMDx8sGiTg53", 
          "type": "Brainstorm user", 
          "groupID": "3uuMMpDLvYmxBDSkn"
        }, 
        {
          "name": "A3A0F9JZNLLSR0", 
          "route": "HcompConsentPage", 
          "mturk": "oFz6HuHq8CDscfgy", 
          "_id": "7MDTf2Dg7waE4tDTh", 
          "type": "Brainstorm user", 
          "groupID": "3uuMMpDLvYmxBDSkn"
        }, 
        {
          "name": "A3LARK2XWBY8BI", 
          "route": "HcompConsentPage", 
          "mturk": "C5U8Z6kOUXRTkrb3", 
          "_id": "F3nW5MygZ5PkbHSAn", 
          "type": "Brainstorm user", 
          "groupID": "3uuMMpDLvYmxBDSkn"
        }, 
        {
          "name": "A3GWOC2Q53BW2N", 
          "route": "HcompConsentPage", 
          "mturk": "QHQpdeVwz4GKpzYk", 
          "_id": "BXSjvTdmuMPfQf7ss", 
          "type": "Brainstorm user", 
          "groupID": "3uuMMpDLvYmxBDSkn"
        }, 
        {
          "name": "A1EMOFLE6FA09Z", 
          "route": "HcompConsentPage", 
          "mturk": "0SibjeBbW5FjLQKd", 
          "_id": "YwB2e8ijEpYgax2Lv", 
          "type": "Brainstorm user", 
          "groupID": "3uuMMpDLvYmxBDSkn"
        }, 
        {
          "name": "A1KZRSLKACHL4D", 
          "route": "HcompConsentPage", 
          "mturk": "Lw9YGEgTfOPOAcGW", 
          "_id": "Gvv5wEW9K5QiBh7bQ", 
          "type": "Brainstorm user", 
          "groupID": "3uuMMpDLvYmxBDSkn"
        }, 
        {
          "name": "AY5J43G9KD11K", 
          "route": "HcompConsentPage", 
          "mturk": "8b3cxjPLR5lLc2j2", 
          "_id": "PwXGFaFnRtE2nfmAX", 
          "type": "Brainstorm user", 
          "groupID": "3uuMMpDLvYmxBDSkn"
        }, 
        {
          "name": "a1xx3brospmhqf", 
          "route": "HcompConsentPage", 
          "mturk": "P8Ntlu6DchmCntjz", 
          "_id": "LWx2RBAecgiDjYzgR", 
          "type": "Brainstorm user", 
          "groupID": "3uuMMpDLvYmxBDSkn"
        }, 
        {
          "name": "A9KLWB70I12U7", 
          "route": "HcompConsentPage", 
          "mturk": "EaeEAQyCrfbeDerl", 
          "_id": "jAC5zMLjjoiih2y7Y", 
          "type": "Brainstorm user", 
          "groupID": "3uuMMpDLvYmxBDSkn"
        }, 
        {
          "name": "A2TKF8DPMLXRUO", 
          "route": "HcompConsentPage", 
          "mturk": "ifAntVdehWpnOcXZ", 
          "_id": "qJjzor7DAnxLKtHp4", 
          "type": "Brainstorm user", 
          "groupID": "3uuMMpDLvYmxBDSkn"
        }, 
        {
          "name": "A3N6Z886JPK4BG", 
          "route": "HcompConsentPage", 
          "mturk": "IHl9qogrgMeBgCw8", 
          "_id": "c5TEd3SsLNkLeJb5w", 
          "type": "Brainstorm user", 
          "groupID": "3uuMMpDLvYmxBDSkn"
        }, 
        {
          "name": "A110BZSDZN7E16", 
          "route": "HcompConsentPage", 
          "mturk": "2DD5FGXw28zpnbOH", 
          "_id": "ZinKTnfBkxZk5wAQp", 
          "type": "Brainstorm user", 
          "groupID": "3uuMMpDLvYmxBDSkn"
        }
      ], 
      "HcompFacilitator": []
    }, 
    "template": {
      "roles": [
        {
          "workflow": [
            "HcompIdeation", 
            "HcompSynthesis"
          ], 
          "num": -1, 
          "title": "HcompIdeator"
        }, 
        {
          "workflow": [
            "HcompDashboard", 
            "HcompResultsPage"
          ], 
          "num": -1, 
          "title": "HcompFacilitator"
        }
      ], 
      "size": -1
    }, 
    "_id": "3uuMMpDLvYmxBDSkn"
  }
]