[
  {
    "_id": "Qe9ALEbfvKE6CQj2q", 
    "type": "Brainstorm user", 
    "name": "Joel"
  }, 
  {
    "name": "A2I6SK5KL0WMJS", 
    "route": "MturkIdeationTreatment", 
    "mturk": "afDPYWKdh7SHo51N", 
    "_id": "QAo9QERau8oRdejTd", 
    "type": "Brainstorm user", 
    "groupID": "3uuMMpDLvYmxBDSkn"
  }, 
  {
    "name": "A3LD1G3R5NOVYH", 
    "route": "MturkIdeationTreatment", 
    "mturk": "r0pvezDFNsb7G4ov", 
    "_id": "7CPXtoSBeuk9TgrXx", 
    "type": "Brainstorm user", 
    "groupID": "3uuMMpDLvYmxBDSkn"
  }, 
  {
    "name": "A12AU8BCHVKJ59", 
    "route": "TutorialControl", 
    "mturk": "jPmQQeM2VgkcBVps", 
    "_id": "sknZwRKJH84MYNvzw", 
    "type": "Brainstorm user", 
    "groupID": "3uuMMpDLvYmxBDSkn"
  }, 
  {
    "name": "A19PV1OH8RBVX8", 
    "route": "TutorialControl", 
    "mturk": "bK3wbwaGockv3abm", 
    "_id": "W6kdSmnfBqQFnbZYb", 
    "type": "Brainstorm user", 
    "groupID": "3uuMMpDLvYmxBDSkn"
  }, 
  {
    "name": "A1HBU82366WX00", 
    "route": "MturkIdeationTreatment", 
    "mturk": "MqwSVvs87rYYXdVn", 
    "_id": "5cG2jhspkgBTRWXFD", 
    "type": "Brainstorm user", 
    "groupID": "3uuMMpDLvYmxBDSkn"
  }, 
  {
    "name": "A1SJRFJWFXSDH4", 
    "route": "MturkIdeationTreatment", 
    "mturk": "OalKqR7BFgmLtHLc", 
    "_id": "aQvsxGqX2ZBQaQc6p", 
    "type": "Brainstorm user", 
    "groupID": "3uuMMpDLvYmxBDSkn"
  }, 
  {
    "name": "A3KYFEDDBCFQU1", 
    "route": "TutorialControl", 
    "mturk": "zAwXWfaDGmYEzK5O", 
    "_id": "upCPGqe3ArZ8cfh26", 
    "type": "Brainstorm user", 
    "groupID": "3uuMMpDLvYmxBDSkn"
  }, 
  {
    "name": "A25CAT0W9W97Z8", 
    "route": "TutorialControl", 
    "mturk": "O2611VDVCP5OqIjW", 
    "_id": "kPsteimJhhab4pk9C", 
    "type": "Brainstorm user", 
    "groupID": "3uuMMpDLvYmxBDSkn"
  }, 
  {
    "mturk": "mZt054X2OrXZYh6F", 
    "route": "HcompConsentPage", 
    "_id": "Fu7mbFL2sNAzKQgfa", 
    "type": "Brainstorm user", 
    "name": "A27LGC4MU1R7PQ"
  }, 
  {
    "name": "A271YRT7SPDHSA", 
    "route": "MturkIdeationTreatment", 
    "mturk": "7DBo1XfmjLWpo8IJ", 
    "_id": "ve2tXciGNdwshwz8s", 
    "type": "Brainstorm user", 
    "groupID": "3uuMMpDLvYmxBDSkn"
  }, 
  {
    "name": "A2E3TO92MCQ9XU", 
    "route": "TutorialControl", 
    "mturk": "X6RNE7bfR9okdwAP", 
    "_id": "Ak43cC8Sxt9MddsqJ", 
    "type": "Brainstorm user", 
    "groupID": "3uuMMpDLvYmxBDSkn"
  }, 
  {
    "name": "A2FUMA4UR6S920", 
    "route": "MturkIdeationTreatment", 
    "mturk": "8xqAMx2MNIboT8qv", 
    "_id": "BvRHXHqPv33Z6dKYY", 
    "type": "Brainstorm user", 
    "groupID": "3uuMMpDLvYmxBDSkn"
  }, 
  {
    "mturk": "uPJOg7YE35dsZvXn", 
    "route": "HcompConsentPage", 
    "_id": "4FaX4kR2xQi6ahkCz", 
    "type": "Brainstorm user", 
    "name": "A21XD6CWE1JNMQ"
  }, 
  {
    "name": "A36KDWI1CGJFFA", 
    "route": "MturkIdeationTreatment", 
    "mturk": "6woHSLGWmPo0Idbn", 
    "_id": "929XQh997yrty6vdH", 
    "type": "Brainstorm user", 
    "groupID": "3uuMMpDLvYmxBDSkn"
  }, 
  {
    "mturk": "linOAp3A3w2G8T1S", 
    "route": "HcompConsentPage", 
    "_id": "8aH8p8AjC3p84M7sY", 
    "type": "Brainstorm user", 
    "name": "A1TLNLB9D87H6"
  }, 
  {
    "name": "A18O7OUFOB63SO", 
    "route": "TutorialControl", 
    "mturk": "YlfakpEz8BPfsVIs", 
    "_id": "E3aphA8xjHjcnDxRc", 
    "type": "Brainstorm user", 
    "groupID": "3uuMMpDLvYmxBDSkn"
  }, 
  {
    "mturk": "gKYmG0HSXw3qJn2J", 
    "route": "HcompConsentPage", 
    "_id": "MaobTpeiWLXvFRos2", 
    "type": "Brainstorm user", 
    "name": "AQVP5IH2S6WCB"
  }, 
  {
    "name": "A1L3CBYMK1QS2Z", 
    "route": "MturkIdeationTreatment", 
    "mturk": "T7Qus45XynFcepS6", 
    "_id": "EYNBbzxxAErgyEN3J", 
    "type": "Brainstorm user", 
    "groupID": "3uuMMpDLvYmxBDSkn"
  }, 
  {
    "name": "A2R6RF39X5TG78", 
    "route": "TutorialControl", 
    "mturk": "1NJuruMIyI13Moen", 
    "_id": "j7iiZnY2B9f77hhd2", 
    "type": "Brainstorm user", 
    "groupID": "3uuMMpDLvYmxBDSkn"
  }, 
  {
    "name": "A8HJQ9FYV249W", 
    "route": "MturkIdeationTreatment", 
    "mturk": "zw4NVtfhWEcbeOjw", 
    "_id": "S5Qewa33cnk7FDCgb", 
    "type": "Brainstorm user", 
    "groupID": "3uuMMpDLvYmxBDSkn"
  }, 
  {
    "name": "A31WQAWI4HVUQ4", 
    "route": "MturkIdeationTreatment", 
    "mturk": "JSu0ZIENulZoA5d2", 
    "_id": "8wRk5YTRoHCcntTxd", 
    "type": "Brainstorm user", 
    "groupID": "3uuMMpDLvYmxBDSkn"
  }, 
  {
    "name": "A11S8IAAVDXCUS", 
    "route": "TutorialControl", 
    "mturk": "KTDNYFTx8EQqznEC", 
    "_id": "PgnLSiRTaoY2RZWeJ", 
    "type": "Brainstorm user", 
    "groupID": "3uuMMpDLvYmxBDSkn"
  }, 
  {
    "name": "A1QIJ8PQO27CJC", 
    "route": "MturkIdeationTreatment", 
    "mturk": "88ZTF2aoBHAyFDhk", 
    "_id": "cpcesbyxsHxP5BfnP", 
    "type": "Brainstorm user", 
    "groupID": "3uuMMpDLvYmxBDSkn"
  }, 
  {
    "name": "ARG47LD1T4XXY", 
    "route": "TutorialControl", 
    "mturk": "LPXbLIQXEVhBoTV6", 
    "_id": "ikrTZEHitS5zzmMTX", 
    "type": "Brainstorm user", 
    "groupID": "3uuMMpDLvYmxBDSkn"
  }, 
  {
    "name": "AOPASFIW08RM6", 
    "route": "TutorialControl", 
    "mturk": "Vs3OvHkuTKDmRJAL", 
    "_id": "cYthB6KzHRNofkiDs", 
    "type": "Brainstorm user", 
    "groupID": "3uuMMpDLvYmxBDSkn"
  }, 
  {
    "name": "A14R41FAPZKKP3", 
    "route": "TutorialControl", 
    "mturk": "ic2B9rr6Q1EjADRT", 
    "_id": "EMgfGSsxB7M8L4pJE", 
    "type": "Brainstorm user", 
    "groupID": "3uuMMpDLvYmxBDSkn"
  }, 
  {
    "name": "A38HODAQUKJKKS", 
    "route": "HcompConsentPage", 
    "mturk": "ziJjT4kNZsPj2EP4", 
    "_id": "JrZPZYnWg6aidy8rY", 
    "type": "Brainstorm user", 
    "groupID": "3uuMMpDLvYmxBDSkn"
  }, 
  {
    "name": "AKDPKZLO2EZS5", 
    "route": "MturkIdeationTreatment", 
    "mturk": "W8NqaTaRhA088XUn", 
    "_id": "SfLdd9KZsYaFBoqgX", 
    "type": "Brainstorm user", 
    "groupID": "3uuMMpDLvYmxBDSkn"
  }, 
  {
    "name": "AYC97GMI4V7Y4", 
    "route": "MturkIdeationTreatment", 
    "mturk": "LhMKazCWIrln7UPY", 
    "_id": "CqH5DwwoLj2YhrNHS", 
    "type": "Brainstorm user", 
    "groupID": "3uuMMpDLvYmxBDSkn"
  }, 
  {
    "name": "A3FYQPY2QZ7NRR", 
    "route": "MturkIdeationTreatment", 
    "mturk": "1YygMlwNhneo5TDr", 
    "_id": "mcaYWnAqqrWeYjjQG", 
    "type": "Brainstorm user", 
    "groupID": "3uuMMpDLvYmxBDSkn"
  }, 
  {
    "name": "A3E3RCR51Z8EVP", 
    "route": "MturkIdeationTreatment", 
    "mturk": "40RSOzxTFk1azzZN", 
    "_id": "BffvvdWAGYtLriyBe", 
    "type": "Brainstorm user", 
    "groupID": "3uuMMpDLvYmxBDSkn"
  }, 
  {
    "mturk": "r0YJdOZhYCTkxuKQ", 
    "route": "HcompConsentPage", 
    "_id": "MeF4kh5bSeWFJoxRu", 
    "type": "Brainstorm user", 
    "name": "A2R40R4O6G0YBY"
  }, 
  {
    "name": "A1DY4DM16TBFPL", 
    "route": "TutorialControl", 
    "mturk": "TTD1ZA5UPnWrttBB", 
    "_id": "AAoKyWapKySaDNKaR", 
    "type": "Brainstorm user", 
    "groupID": "3uuMMpDLvYmxBDSkn"
  }, 
  {
    "name": "A13Y8BFNLLB5U2", 
    "route": "TutorialControl", 
    "mturk": "OJ4NNDlfXpXbUMxq", 
    "_id": "Wy85XXTPicoJi3K5F", 
    "type": "Brainstorm user", 
    "groupID": "3uuMMpDLvYmxBDSkn"
  }, 
  {
    "name": "A3PCBMTA2RXGAJ", 
    "route": "TutorialControl", 
    "mturk": "mxCA7eugRcZrZN1k", 
    "_id": "mb9mJeWEiAfQ5aHMu", 
    "type": "Brainstorm user", 
    "groupID": "3uuMMpDLvYmxBDSkn"
  }, 
  {
    "name": "A70AS0KVKADBY", 
    "route": "TutorialControl", 
    "mturk": "lXIthejTwxIo9lW5", 
    "_id": "Y7NDRdgJjRjZbWGEC", 
    "type": "Brainstorm user", 
    "groupID": "3uuMMpDLvYmxBDSkn"
  }, 
  {
    "name": "AEBK99VI4H0BT", 
    "route": "TutorialControl", 
    "mturk": "pAKuCO5DAAFboYwN", 
    "_id": "nGqnmyTyEEnH8yTLK", 
    "type": "Brainstorm user", 
    "groupID": "3uuMMpDLvYmxBDSkn"
  }, 
  {
    "name": "A81E86PSRR80C", 
    "route": "MturkIdeationTreatment", 
    "mturk": "uDQjX7vWtDigCEvx", 
    "_id": "AJeEhczTzWNSQ2ubJ", 
    "type": "Brainstorm user", 
    "groupID": "3uuMMpDLvYmxBDSkn"
  }, 
  {
    "name": "AMFR3KYTD4XBV", 
    "route": "MturkIdeationTreatment", 
    "mturk": "YNwlKBFTH29NOkKE", 
    "_id": "8e6rKPn5B93x4DGNL", 
    "type": "Brainstorm user", 
    "groupID": "3uuMMpDLvYmxBDSkn"
  }, 
  {
    "name": "A22JUNEG1JA8Q7", 
    "route": "TutorialControl", 
    "mturk": "aGgyDrNf9F9WJddS", 
    "_id": "5Lbv8YF4Z3C2JqaYQ", 
    "type": "Brainstorm user", 
    "groupID": "3uuMMpDLvYmxBDSkn"
  }, 
  {
    "name": "A3A0F9JZNLLSR0", 
    "route": "TutorialControl", 
    "mturk": "oFz6HuHq8CDscfgy", 
    "_id": "7MDTf2Dg7waE4tDTh", 
    "type": "Brainstorm user", 
    "groupID": "3uuMMpDLvYmxBDSkn"
  }, 
  {
    "name": "A29MXEKPLHDJ1O", 
    "route": "TutorialControl", 
    "mturk": "rETbgBCTSDlZlKZK", 
    "_id": "br4g8Amwbq65vnc7G", 
    "type": "Brainstorm user", 
    "groupID": "3uuMMpDLvYmxBDSkn"
  }, 
  {
    "name": "A14SABDOE6QHMK", 
    "route": "MturkIdeationTreatment", 
    "mturk": "7kXQhGt5s14xkG1O", 
    "_id": "2c8YxkCtyALkFQW6M", 
    "type": "Brainstorm user", 
    "groupID": "3uuMMpDLvYmxBDSkn"
  }, 
  {
    "name": "AFZ2GF2AV8VCI", 
    "route": "TutorialControl", 
    "mturk": "L8ayZBocGViNcxb0", 
    "_id": "A7cjvvmQNQ6zEYpP7", 
    "type": "Brainstorm user", 
    "groupID": "3uuMMpDLvYmxBDSkn"
  }, 
  {
    "name": "A2W3QPD493MHEI", 
    "route": "TutorialControl", 
    "mturk": "SxqVW5S4a3AWrSEY", 
    "_id": "NrtymTxhHiG3u2dF7", 
    "type": "Brainstorm user", 
    "groupID": "3uuMMpDLvYmxBDSkn"
  }, 
  {
    "name": "A1OERQBV3TI7LD", 
    "route": "HcompConsentPage", 
    "mturk": "pFgrEidib52uWAWK", 
    "_id": "gsK5j2d2CKGpzneDY", 
    "type": "Brainstorm user", 
    "groupID": "3uuMMpDLvYmxBDSkn"
  }, 
  {
    "name": "A31KV6ETEFLOEM", 
    "route": "TutorialControl", 
    "mturk": "uMnEQqB2TQQ3xRtp", 
    "_id": "Gzequ4jhe6DvY8LPC", 
    "type": "Brainstorm user", 
    "groupID": "3uuMMpDLvYmxBDSkn"
  }, 
  {
    "name": "A3AE627X3R2JQI", 
    "route": "MturkIdeationTreatment", 
    "mturk": "yCw3kCdQXTub5fbO", 
    "_id": "KGzvRrMDx8sGiTg53", 
    "type": "Brainstorm user", 
    "groupID": "3uuMMpDLvYmxBDSkn"
  }, 
  {
    "name": "A3GWOC2Q53BW2N", 
    "route": "TutorialControl", 
    "mturk": "QHQpdeVwz4GKpzYk", 
    "_id": "BXSjvTdmuMPfQf7ss", 
    "type": "Brainstorm user", 
    "groupID": "3uuMMpDLvYmxBDSkn"
  }, 
  {
    "name": "A1EMOFLE6FA09Z", 
    "route": "MturkIdeationTreatment", 
    "mturk": "0SibjeBbW5FjLQKd", 
    "_id": "YwB2e8ijEpYgax2Lv", 
    "type": "Brainstorm user", 
    "groupID": "3uuMMpDLvYmxBDSkn"
  }, 
  {
    "name": "A3LARK2XWBY8BI", 
    "route": "MturkIdeationTreatment", 
    "mturk": "C5U8Z6kOUXRTkrb3", 
    "_id": "F3nW5MygZ5PkbHSAn", 
    "type": "Brainstorm user", 
    "groupID": "3uuMMpDLvYmxBDSkn"
  }, 
  {
    "name": "A1KZRSLKACHL4D", 
    "route": "TutorialControl", 
    "mturk": "Lw9YGEgTfOPOAcGW", 
    "_id": "Gvv5wEW9K5QiBh7bQ", 
    "type": "Brainstorm user", 
    "groupID": "3uuMMpDLvYmxBDSkn"
  }, 
  {
    "name": "AY5J43G9KD11K", 
    "route": "MturkIdeationTreatment", 
    "mturk": "8b3cxjPLR5lLc2j2", 
    "_id": "PwXGFaFnRtE2nfmAX", 
    "type": "Brainstorm user", 
    "groupID": "3uuMMpDLvYmxBDSkn"
  }, 
  {
    "name": "a1xx3brospmhqf", 
    "route": "TutorialControl", 
    "mturk": "P8Ntlu6DchmCntjz", 
    "_id": "LWx2RBAecgiDjYzgR", 
    "type": "Brainstorm user", 
    "groupID": "3uuMMpDLvYmxBDSkn"
  }, 
  {
    "name": "A9KLWB70I12U7", 
    "route": "MturkIdeationTreatment", 
    "mturk": "EaeEAQyCrfbeDerl", 
    "_id": "jAC5zMLjjoiih2y7Y", 
    "type": "Brainstorm user", 
    "groupID": "3uuMMpDLvYmxBDSkn"
  }, 
  {
    "name": "A2TKF8DPMLXRUO", 
    "route": "TutorialControl", 
    "mturk": "ifAntVdehWpnOcXZ", 
    "_id": "qJjzor7DAnxLKtHp4", 
    "type": "Brainstorm user", 
    "groupID": "3uuMMpDLvYmxBDSkn"
  }, 
  {
    "name": "A3N6Z886JPK4BG", 
    "route": "HcompConsentPage", 
    "mturk": "IHl9qogrgMeBgCw8", 
    "_id": "c5TEd3SsLNkLeJb5w", 
    "type": "Brainstorm user", 
    "groupID": "3uuMMpDLvYmxBDSkn"
  }, 
  {
    "name": "A110BZSDZN7E16", 
    "route": "TutorialControl", 
    "mturk": "2DD5FGXw28zpnbOH", 
    "_id": "ZinKTnfBkxZk5wAQp", 
    "type": "Brainstorm user", 
    "groupID": "3uuMMpDLvYmxBDSkn"
  }
]