[
  {
    "userName": "AEBK99VI4H0BT", 
    "isReady": false, 
    "fluencyStarted": false, 
    "exitedEarly": true, 
    "conditionID": "bB28yv5BRSWXBvpHE", 
    "userID": "nGqnmyTyEEnH8yTLK", 
    "experimentID": "FosRMhrLykAorDbRK", 
    "hasStarted": false, 
    "surveyStarted": false, 
    "tutorialStarted": true, 
    "hasFinished": false, 
    "_id": "foonWbDTME8jQSKGQ", 
    "groupID": "3uuMMpDLvYmxBDSkn", 
    "fluencyFinished": false
  }, 
  {
    "userName": "AKDPKZLO2EZS5", 
    "isReady": true, 
    "fluencyStarted": true, 
    "exitedEarly": false, 
    "conditionID": "2KBsBbiv8TQyjHcBd", 
    "userID": "SfLdd9KZsYaFBoqgX", 
    "experimentID": "FosRMhrLykAorDbRK", 
    "hasStarted": true, 
    "surveyStarted": true, 
    "tutorialStarted": true, 
    "hasFinished": true, 
    "_id": "deKadQ5XPD7c3bXki", 
    "groupID": "3uuMMpDLvYmxBDSkn", 
    "fluencyFinished": true
  }, 
  {
    "userName": "A22JUNEG1JA8Q7", 
    "isReady": true, 
    "fluencyStarted": true, 
    "exitedEarly": false, 
    "conditionID": "bB28yv5BRSWXBvpHE", 
    "userID": "5Lbv8YF4Z3C2JqaYQ", 
    "experimentID": "FosRMhrLykAorDbRK", 
    "hasStarted": true, 
    "surveyStarted": true, 
    "tutorialStarted": true, 
    "hasFinished": false, 
    "_id": "k58bvGiCxRuHCjr7M", 
    "groupID": "3uuMMpDLvYmxBDSkn", 
    "fluencyFinished": true
  }, 
  {
    "userName": "AMFR3KYTD4XBV", 
    "isReady": true, 
    "fluencyStarted": true, 
    "exitedEarly": false, 
    "conditionID": "2KBsBbiv8TQyjHcBd", 
    "userID": "8e6rKPn5B93x4DGNL", 
    "experimentID": "FosRMhrLykAorDbRK", 
    "hasStarted": true, 
    "surveyStarted": true, 
    "tutorialStarted": true, 
    "hasFinished": true, 
    "_id": "eeQEaWnnXdZxuZpiD", 
    "groupID": "3uuMMpDLvYmxBDSkn", 
    "fluencyFinished": true
  }, 
  {
    "userName": "A29MXEKPLHDJ1O", 
    "isReady": true, 
    "fluencyStarted": true, 
    "exitedEarly": false, 
    "conditionID": "bB28yv5BRSWXBvpHE", 
    "userID": "br4g8Amwbq65vnc7G", 
    "experimentID": "FosRMhrLykAorDbRK", 
    "hasStarted": true, 
    "surveyStarted": true, 
    "tutorialStarted": true, 
    "hasFinished": true, 
    "_id": "2oS7tgf3KbTsm6ScH", 
    "groupID": "3uuMMpDLvYmxBDSkn", 
    "fluencyFinished": true
  }, 
  {
    "userName": "A14SABDOE6QHMK", 
    "isReady": true, 
    "fluencyStarted": true, 
    "exitedEarly": false, 
    "conditionID": "2KBsBbiv8TQyjHcBd", 
    "userID": "2c8YxkCtyALkFQW6M", 
    "experimentID": "FosRMhrLykAorDbRK", 
    "hasStarted": true, 
    "surveyStarted": true, 
    "tutorialStarted": true, 
    "hasFinished": true, 
    "_id": "bebQeKHyZPM29GSni", 
    "groupID": "3uuMMpDLvYmxBDSkn", 
    "fluencyFinished": true
  }, 
  {
    "userName": "A2W3QPD493MHEI", 
    "isReady": true, 
    "fluencyStarted": true, 
    "exitedEarly": false, 
    "conditionID": "bB28yv5BRSWXBvpHE", 
    "userID": "NrtymTxhHiG3u2dF7", 
    "experimentID": "FosRMhrLykAorDbRK", 
    "hasStarted": true, 
    "surveyStarted": true, 
    "tutorialStarted": true, 
    "hasFinished": true, 
    "_id": "GF7BNuodvaGTiZxFn", 
    "groupID": "3uuMMpDLvYmxBDSkn", 
    "fluencyFinished": true
  }, 
  {
    "userName": "A1OERQBV3TI7LD", 
    "isReady": false, 
    "fluencyStarted": true, 
    "exitedEarly": true, 
    "conditionID": "2KBsBbiv8TQyjHcBd", 
    "userID": "gsK5j2d2CKGpzneDY", 
    "experimentID": "FosRMhrLykAorDbRK", 
    "hasStarted": false, 
    "surveyStarted": false, 
    "tutorialStarted": true, 
    "hasFinished": false, 
    "_id": "RN7sNQP6xDuvXLNYF", 
    "groupID": "3uuMMpDLvYmxBDSkn", 
    "fluencyFinished": true
  }, 
  {
    "userName": "A31KV6ETEFLOEM", 
    "isReady": true, 
    "fluencyStarted": true, 
    "exitedEarly": false, 
    "conditionID": "bB28yv5BRSWXBvpHE", 
    "userID": "Gzequ4jhe6DvY8LPC", 
    "experimentID": "FosRMhrLykAorDbRK", 
    "hasStarted": true, 
    "surveyStarted": false, 
    "tutorialStarted": true, 
    "hasFinished": false, 
    "_id": "8ALQCfJs8eQ6WAEEC", 
    "groupID": "3uuMMpDLvYmxBDSkn", 
    "fluencyFinished": true
  }, 
  {
    "userName": "AFZ2GF2AV8VCI", 
    "isReady": true, 
    "fluencyStarted": true, 
    "exitedEarly": false, 
    "conditionID": "bB28yv5BRSWXBvpHE", 
    "userID": "A7cjvvmQNQ6zEYpP7", 
    "experimentID": "FosRMhrLykAorDbRK", 
    "hasStarted": true, 
    "surveyStarted": true, 
    "tutorialStarted": true, 
    "hasFinished": true, 
    "_id": "D7ehEB9dhtHi8L8q2", 
    "groupID": "3uuMMpDLvYmxBDSkn", 
    "fluencyFinished": true
  }, 
  {
    "userName": "A3AE627X3R2JQI", 
    "isReady": true, 
    "fluencyStarted": true, 
    "exitedEarly": false, 
    "conditionID": "2KBsBbiv8TQyjHcBd", 
    "userID": "KGzvRrMDx8sGiTg53", 
    "experimentID": "FosRMhrLykAorDbRK", 
    "hasStarted": true, 
    "surveyStarted": false, 
    "tutorialStarted": true, 
    "hasFinished": false, 
    "_id": "wpEf2EefDuye7qwJx", 
    "groupID": "3uuMMpDLvYmxBDSkn", 
    "fluencyFinished": true
  }, 
  {
    "userName": "A3A0F9JZNLLSR0", 
    "isReady": true, 
    "fluencyStarted": true, 
    "exitedEarly": false, 
    "conditionID": "bB28yv5BRSWXBvpHE", 
    "userID": "7MDTf2Dg7waE4tDTh", 
    "experimentID": "FosRMhrLykAorDbRK", 
    "hasStarted": true, 
    "surveyStarted": true, 
    "tutorialStarted": true, 
    "hasFinished": true, 
    "_id": "ciPwFdwQKG9ZXhYxq", 
    "groupID": "3uuMMpDLvYmxBDSkn", 
    "fluencyFinished": true
  }, 
  {
    "userName": "A3LARK2XWBY8BI", 
    "isReady": true, 
    "fluencyStarted": true, 
    "exitedEarly": false, 
    "conditionID": "2KBsBbiv8TQyjHcBd", 
    "userID": "F3nW5MygZ5PkbHSAn", 
    "experimentID": "FosRMhrLykAorDbRK", 
    "hasStarted": true, 
    "surveyStarted": true, 
    "tutorialStarted": true, 
    "hasFinished": true, 
    "_id": "hb59MuXduuZZxDgfb", 
    "groupID": "3uuMMpDLvYmxBDSkn", 
    "fluencyFinished": true
  }, 
  {
    "userName": "A3GWOC2Q53BW2N", 
    "isReady": true, 
    "fluencyStarted": true, 
    "exitedEarly": false, 
    "conditionID": "bB28yv5BRSWXBvpHE", 
    "userID": "BXSjvTdmuMPfQf7ss", 
    "experimentID": "FosRMhrLykAorDbRK", 
    "hasStarted": true, 
    "surveyStarted": true, 
    "tutorialStarted": true, 
    "hasFinished": true, 
    "_id": "DfsyuLEoHZPsSQNDe", 
    "groupID": "3uuMMpDLvYmxBDSkn", 
    "fluencyFinished": true
  }, 
  {
    "userName": "A1EMOFLE6FA09Z", 
    "isReady": true, 
    "fluencyStarted": true, 
    "exitedEarly": true, 
    "conditionID": "2KBsBbiv8TQyjHcBd", 
    "userID": "YwB2e8ijEpYgax2Lv", 
    "experimentID": "FosRMhrLykAorDbRK", 
    "hasStarted": true, 
    "surveyStarted": false, 
    "tutorialStarted": true, 
    "hasFinished": false, 
    "_id": "gosgT9ifEbnGFGTLB", 
    "groupID": "3uuMMpDLvYmxBDSkn", 
    "fluencyFinished": true
  }, 
  {
    "userName": "A1KZRSLKACHL4D", 
    "isReady": true, 
    "fluencyStarted": true, 
    "exitedEarly": false, 
    "conditionID": "bB28yv5BRSWXBvpHE", 
    "userID": "Gvv5wEW9K5QiBh7bQ", 
    "experimentID": "FosRMhrLykAorDbRK", 
    "hasStarted": true, 
    "surveyStarted": true, 
    "tutorialStarted": true, 
    "hasFinished": true, 
    "_id": "KQsGsTXTJfGi3dZcr", 
    "groupID": "3uuMMpDLvYmxBDSkn", 
    "fluencyFinished": true
  }, 
  {
    "userName": "AY5J43G9KD11K", 
    "isReady": true, 
    "fluencyStarted": true, 
    "exitedEarly": false, 
    "conditionID": "2KBsBbiv8TQyjHcBd", 
    "userID": "PwXGFaFnRtE2nfmAX", 
    "experimentID": "FosRMhrLykAorDbRK", 
    "hasStarted": true, 
    "surveyStarted": true, 
    "tutorialStarted": true, 
    "hasFinished": true, 
    "_id": "y9m8JPjdeJiCCFts7", 
    "groupID": "3uuMMpDLvYmxBDSkn", 
    "fluencyFinished": true
  }, 
  {
    "userName": "a1xx3brospmhqf", 
    "isReady": false, 
    "fluencyStarted": false, 
    "exitedEarly": false, 
    "conditionID": "bB28yv5BRSWXBvpHE", 
    "userID": "LWx2RBAecgiDjYzgR", 
    "experimentID": "FosRMhrLykAorDbRK", 
    "hasStarted": false, 
    "surveyStarted": false, 
    "tutorialStarted": true, 
    "hasFinished": false, 
    "_id": "B6Bcp8TMhzRh3NdMw", 
    "groupID": "3uuMMpDLvYmxBDSkn", 
    "fluencyFinished": false
  }, 
  {
    "userName": "A9KLWB70I12U7", 
    "isReady": true, 
    "fluencyStarted": true, 
    "exitedEarly": false, 
    "conditionID": "2KBsBbiv8TQyjHcBd", 
    "userID": "jAC5zMLjjoiih2y7Y", 
    "experimentID": "FosRMhrLykAorDbRK", 
    "hasStarted": true, 
    "surveyStarted": false, 
    "tutorialStarted": true, 
    "hasFinished": false, 
    "_id": "WDLQiG3usETHEuG3B", 
    "groupID": "3uuMMpDLvYmxBDSkn", 
    "fluencyFinished": true
  }, 
  {
    "userName": "A2TKF8DPMLXRUO", 
    "isReady": true, 
    "fluencyStarted": true, 
    "exitedEarly": false, 
    "conditionID": "bB28yv5BRSWXBvpHE", 
    "userID": "qJjzor7DAnxLKtHp4", 
    "experimentID": "FosRMhrLykAorDbRK", 
    "hasStarted": true, 
    "surveyStarted": true, 
    "tutorialStarted": true, 
    "hasFinished": true, 
    "_id": "vCEwzX779kdy9Y98e", 
    "groupID": "3uuMMpDLvYmxBDSkn", 
    "fluencyFinished": true
  }, 
  {
    "userName": "A3N6Z886JPK4BG", 
    "isReady": false, 
    "fluencyStarted": false, 
    "exitedEarly": false, 
    "conditionID": "2KBsBbiv8TQyjHcBd", 
    "userID": "c5TEd3SsLNkLeJb5w", 
    "experimentID": "FosRMhrLykAorDbRK", 
    "hasStarted": false, 
    "surveyStarted": false, 
    "tutorialStarted": true, 
    "hasFinished": false, 
    "_id": "nL459Fx4CwqLFgokm", 
    "groupID": "3uuMMpDLvYmxBDSkn", 
    "fluencyFinished": false
  }, 
  {
    "userName": "A110BZSDZN7E16", 
    "isReady": true, 
    "fluencyStarted": true, 
    "exitedEarly": false, 
    "conditionID": "bB28yv5BRSWXBvpHE", 
    "userID": "ZinKTnfBkxZk5wAQp", 
    "experimentID": "FosRMhrLykAorDbRK", 
    "hasStarted": true, 
    "surveyStarted": true, 
    "tutorialStarted": true, 
    "hasFinished": true, 
    "_id": "npJkZpvNcLWz9pB4T", 
    "groupID": "3uuMMpDLvYmxBDSkn", 
    "fluencyFinished": true
  }, 
  {
    "userName": "A3LD1G3R5NOVYH", 
    "isReady": true, 
    "fluencyStarted": true, 
    "exitedEarly": false, 
    "conditionID": "2KBsBbiv8TQyjHcBd", 
    "userID": "7CPXtoSBeuk9TgrXx", 
    "experimentID": "FosRMhrLykAorDbRK", 
    "hasStarted": true, 
    "surveyStarted": true, 
    "tutorialStarted": true, 
    "hasFinished": true, 
    "_id": "xtuZuQW4s6HZBQvgn", 
    "groupID": "3uuMMpDLvYmxBDSkn", 
    "fluencyFinished": true
  }, 
  {
    "userName": "A2I6SK5KL0WMJS", 
    "isReady": true, 
    "fluencyStarted": true, 
    "exitedEarly": false, 
    "conditionID": "2KBsBbiv8TQyjHcBd", 
    "userID": "QAo9QERau8oRdejTd", 
    "experimentID": "FosRMhrLykAorDbRK", 
    "hasStarted": true, 
    "surveyStarted": true, 
    "tutorialStarted": true, 
    "hasFinished": true, 
    "_id": "ibGuQmJTogvpdpXrh", 
    "groupID": "3uuMMpDLvYmxBDSkn", 
    "fluencyFinished": true
  }, 
  {
    "userName": "A3KYFEDDBCFQU1", 
    "isReady": true, 
    "fluencyStarted": true, 
    "exitedEarly": false, 
    "conditionID": "bB28yv5BRSWXBvpHE", 
    "userID": "upCPGqe3ArZ8cfh26", 
    "experimentID": "FosRMhrLykAorDbRK", 
    "hasStarted": true, 
    "surveyStarted": true, 
    "tutorialStarted": true, 
    "hasFinished": true, 
    "_id": "ZG82FipuP9J5ieTut", 
    "groupID": "3uuMMpDLvYmxBDSkn", 
    "fluencyFinished": true
  }, 
  {
    "userName": "A12AU8BCHVKJ59", 
    "isReady": true, 
    "fluencyStarted": true, 
    "exitedEarly": false, 
    "conditionID": "bB28yv5BRSWXBvpHE", 
    "userID": "sknZwRKJH84MYNvzw", 
    "experimentID": "FosRMhrLykAorDbRK", 
    "hasStarted": true, 
    "surveyStarted": true, 
    "tutorialStarted": true, 
    "hasFinished": true, 
    "_id": "f77JxpTrdc8WAugLC", 
    "groupID": "3uuMMpDLvYmxBDSkn", 
    "fluencyFinished": true
  }, 
  {
    "userName": "A19PV1OH8RBVX8", 
    "isReady": true, 
    "fluencyStarted": true, 
    "exitedEarly": true, 
    "conditionID": "bB28yv5BRSWXBvpHE", 
    "userID": "W6kdSmnfBqQFnbZYb", 
    "experimentID": "FosRMhrLykAorDbRK", 
    "hasStarted": true, 
    "surveyStarted": false, 
    "tutorialStarted": true, 
    "hasFinished": false, 
    "_id": "evKXurWapRAmSkYtu", 
    "groupID": "3uuMMpDLvYmxBDSkn", 
    "fluencyFinished": true
  }, 
  {
    "userName": "A2FUMA4UR6S920", 
    "isReady": true, 
    "fluencyStarted": true, 
    "exitedEarly": false, 
    "conditionID": "2KBsBbiv8TQyjHcBd", 
    "userID": "BvRHXHqPv33Z6dKYY", 
    "experimentID": "FosRMhrLykAorDbRK", 
    "hasStarted": true, 
    "surveyStarted": true, 
    "tutorialStarted": true, 
    "hasFinished": true, 
    "_id": "wdPtBXzdPuLcfEfxZ", 
    "groupID": "3uuMMpDLvYmxBDSkn", 
    "fluencyFinished": true
  }, 
  {
    "userName": "A2E3TO92MCQ9XU", 
    "isReady": true, 
    "fluencyStarted": true, 
    "exitedEarly": false, 
    "conditionID": "bB28yv5BRSWXBvpHE", 
    "userID": "Ak43cC8Sxt9MddsqJ", 
    "experimentID": "FosRMhrLykAorDbRK", 
    "hasStarted": true, 
    "surveyStarted": true, 
    "tutorialStarted": true, 
    "hasFinished": true, 
    "_id": "vTWG87v3SQ6xg27pf", 
    "groupID": "3uuMMpDLvYmxBDSkn", 
    "fluencyFinished": true
  }, 
  {
    "userName": "A1L3CBYMK1QS2Z", 
    "isReady": true, 
    "fluencyStarted": true, 
    "exitedEarly": false, 
    "conditionID": "2KBsBbiv8TQyjHcBd", 
    "userID": "EYNBbzxxAErgyEN3J", 
    "experimentID": "FosRMhrLykAorDbRK", 
    "hasStarted": true, 
    "surveyStarted": true, 
    "tutorialStarted": true, 
    "hasFinished": true, 
    "_id": "B6nHYMYmNXsT3tZZL", 
    "groupID": "3uuMMpDLvYmxBDSkn", 
    "fluencyFinished": true
  }, 
  {
    "userName": "A25CAT0W9W97Z8", 
    "isReady": true, 
    "fluencyStarted": true, 
    "exitedEarly": true, 
    "conditionID": "bB28yv5BRSWXBvpHE", 
    "userID": "kPsteimJhhab4pk9C", 
    "experimentID": "FosRMhrLykAorDbRK", 
    "hasStarted": true, 
    "surveyStarted": false, 
    "tutorialStarted": true, 
    "hasFinished": false, 
    "_id": "cWzsmgt3GdwquPPt8", 
    "groupID": "3uuMMpDLvYmxBDSkn", 
    "fluencyFinished": true
  }, 
  {
    "userName": "A1HBU82366WX00", 
    "isReady": true, 
    "fluencyStarted": true, 
    "exitedEarly": false, 
    "conditionID": "2KBsBbiv8TQyjHcBd", 
    "userID": "5cG2jhspkgBTRWXFD", 
    "experimentID": "FosRMhrLykAorDbRK", 
    "hasStarted": true, 
    "surveyStarted": true, 
    "tutorialStarted": true, 
    "hasFinished": true, 
    "_id": "xYvZTNBGFe2D6sTK8", 
    "groupID": "3uuMMpDLvYmxBDSkn", 
    "fluencyFinished": true
  }, 
  {
    "userName": "A31WQAWI4HVUQ4", 
    "isReady": true, 
    "fluencyStarted": true, 
    "exitedEarly": false, 
    "conditionID": "2KBsBbiv8TQyjHcBd", 
    "userID": "8wRk5YTRoHCcntTxd", 
    "experimentID": "FosRMhrLykAorDbRK", 
    "hasStarted": true, 
    "surveyStarted": false, 
    "tutorialStarted": true, 
    "hasFinished": false, 
    "_id": "deWXkL8yvNBxntWdH", 
    "groupID": "3uuMMpDLvYmxBDSkn", 
    "fluencyFinished": true
  }, 
  {
    "userName": "A2R6RF39X5TG78", 
    "isReady": true, 
    "fluencyStarted": true, 
    "exitedEarly": false, 
    "conditionID": "bB28yv5BRSWXBvpHE", 
    "userID": "j7iiZnY2B9f77hhd2", 
    "experimentID": "FosRMhrLykAorDbRK", 
    "hasStarted": true, 
    "surveyStarted": true, 
    "tutorialStarted": true, 
    "hasFinished": true, 
    "_id": "p4Co8hLzk4WTDFsbq", 
    "groupID": "3uuMMpDLvYmxBDSkn", 
    "fluencyFinished": true
  }, 
  {
    "userName": "A1SJRFJWFXSDH4", 
    "isReady": true, 
    "fluencyStarted": true, 
    "exitedEarly": false, 
    "conditionID": "2KBsBbiv8TQyjHcBd", 
    "userID": "aQvsxGqX2ZBQaQc6p", 
    "experimentID": "FosRMhrLykAorDbRK", 
    "hasStarted": true, 
    "surveyStarted": true, 
    "tutorialStarted": true, 
    "hasFinished": true, 
    "_id": "mbRRM49NKDpGZhAQs", 
    "groupID": "3uuMMpDLvYmxBDSkn", 
    "fluencyFinished": true
  }, 
  {
    "userName": "A271YRT7SPDHSA", 
    "isReady": true, 
    "fluencyStarted": true, 
    "exitedEarly": false, 
    "conditionID": "2KBsBbiv8TQyjHcBd", 
    "userID": "ve2tXciGNdwshwz8s", 
    "experimentID": "FosRMhrLykAorDbRK", 
    "hasStarted": true, 
    "surveyStarted": false, 
    "tutorialStarted": true, 
    "hasFinished": false, 
    "_id": "tYAcdHXqWbikbTB56", 
    "groupID": "3uuMMpDLvYmxBDSkn", 
    "fluencyFinished": true
  }, 
  {
    "userName": "A36KDWI1CGJFFA", 
    "isReady": true, 
    "fluencyStarted": true, 
    "exitedEarly": false, 
    "conditionID": "2KBsBbiv8TQyjHcBd", 
    "userID": "929XQh997yrty6vdH", 
    "experimentID": "FosRMhrLykAorDbRK", 
    "hasStarted": true, 
    "surveyStarted": true, 
    "tutorialStarted": true, 
    "hasFinished": true, 
    "_id": "pwZkvmaCSyxLLzGcq", 
    "groupID": "3uuMMpDLvYmxBDSkn", 
    "fluencyFinished": true
  }, 
  {
    "userName": "A18O7OUFOB63SO", 
    "isReady": true, 
    "fluencyStarted": true, 
    "exitedEarly": false, 
    "conditionID": "bB28yv5BRSWXBvpHE", 
    "userID": "E3aphA8xjHjcnDxRc", 
    "experimentID": "FosRMhrLykAorDbRK", 
    "hasStarted": true, 
    "surveyStarted": true, 
    "tutorialStarted": true, 
    "hasFinished": true, 
    "_id": "35AjpPBhuAToBC8CQ", 
    "groupID": "3uuMMpDLvYmxBDSkn", 
    "fluencyFinished": true
  }, 
  {
    "userName": "A11S8IAAVDXCUS", 
    "isReady": true, 
    "fluencyStarted": true, 
    "exitedEarly": false, 
    "conditionID": "bB28yv5BRSWXBvpHE", 
    "userID": "PgnLSiRTaoY2RZWeJ", 
    "experimentID": "FosRMhrLykAorDbRK", 
    "hasStarted": true, 
    "surveyStarted": false, 
    "tutorialStarted": true, 
    "hasFinished": false, 
    "_id": "BStw4wfCeYuCmqJSE", 
    "groupID": "3uuMMpDLvYmxBDSkn", 
    "fluencyFinished": true
  }, 
  {
    "userName": "A8HJQ9FYV249W", 
    "isReady": true, 
    "fluencyStarted": true, 
    "exitedEarly": false, 
    "conditionID": "2KBsBbiv8TQyjHcBd", 
    "userID": "S5Qewa33cnk7FDCgb", 
    "experimentID": "FosRMhrLykAorDbRK", 
    "hasStarted": true, 
    "surveyStarted": true, 
    "tutorialStarted": true, 
    "hasFinished": true, 
    "_id": "dHPS3N7fMvdqBhvoG", 
    "groupID": "3uuMMpDLvYmxBDSkn", 
    "fluencyFinished": true
  }, 
  {
    "userName": "A1QIJ8PQO27CJC", 
    "isReady": true, 
    "fluencyStarted": true, 
    "exitedEarly": false, 
    "conditionID": "2KBsBbiv8TQyjHcBd", 
    "userID": "cpcesbyxsHxP5BfnP", 
    "experimentID": "FosRMhrLykAorDbRK", 
    "hasStarted": true, 
    "surveyStarted": true, 
    "tutorialStarted": true, 
    "hasFinished": true, 
    "_id": "FxquxEd6FxtoDLfn9", 
    "groupID": "3uuMMpDLvYmxBDSkn", 
    "fluencyFinished": true
  }, 
  {
    "userName": "ARG47LD1T4XXY", 
    "isReady": true, 
    "fluencyStarted": true, 
    "exitedEarly": false, 
    "conditionID": "bB28yv5BRSWXBvpHE", 
    "userID": "ikrTZEHitS5zzmMTX", 
    "experimentID": "FosRMhrLykAorDbRK", 
    "hasStarted": true, 
    "surveyStarted": true, 
    "tutorialStarted": true, 
    "hasFinished": true, 
    "_id": "qxeY7QXEjhAZ4Fs6c", 
    "groupID": "3uuMMpDLvYmxBDSkn", 
    "fluencyFinished": true
  }, 
  {
    "userName": "AOPASFIW08RM6", 
    "isReady": true, 
    "fluencyStarted": true, 
    "exitedEarly": true, 
    "conditionID": "bB28yv5BRSWXBvpHE", 
    "userID": "cYthB6KzHRNofkiDs", 
    "experimentID": "FosRMhrLykAorDbRK", 
    "hasStarted": true, 
    "surveyStarted": false, 
    "tutorialStarted": true, 
    "hasFinished": false, 
    "_id": "jRmaojLqPnKsK7mPn", 
    "groupID": "3uuMMpDLvYmxBDSkn", 
    "fluencyFinished": true
  }, 
  {
    "userName": "A38HODAQUKJKKS", 
    "isReady": false, 
    "fluencyStarted": true, 
    "exitedEarly": false, 
    "conditionID": "2KBsBbiv8TQyjHcBd", 
    "userID": "JrZPZYnWg6aidy8rY", 
    "experimentID": "FosRMhrLykAorDbRK", 
    "hasStarted": false, 
    "surveyStarted": false, 
    "tutorialStarted": true, 
    "hasFinished": false, 
    "_id": "rqsZwiaJ49ck5ziqg", 
    "groupID": "3uuMMpDLvYmxBDSkn", 
    "fluencyFinished": false
  }, 
  {
    "userName": "A14R41FAPZKKP3", 
    "isReady": false, 
    "fluencyStarted": false, 
    "exitedEarly": false, 
    "conditionID": "bB28yv5BRSWXBvpHE", 
    "userID": "EMgfGSsxB7M8L4pJE", 
    "experimentID": "FosRMhrLykAorDbRK", 
    "hasStarted": false, 
    "surveyStarted": false, 
    "tutorialStarted": true, 
    "hasFinished": false, 
    "_id": "LNvZ3Qb5wBfRLXRHH", 
    "groupID": "3uuMMpDLvYmxBDSkn", 
    "fluencyFinished": false
  }, 
  {
    "userName": "A3FYQPY2QZ7NRR", 
    "isReady": true, 
    "fluencyStarted": true, 
    "exitedEarly": false, 
    "conditionID": "2KBsBbiv8TQyjHcBd", 
    "userID": "mcaYWnAqqrWeYjjQG", 
    "experimentID": "FosRMhrLykAorDbRK", 
    "hasStarted": true, 
    "surveyStarted": true, 
    "tutorialStarted": true, 
    "hasFinished": true, 
    "_id": "rQLP4gwmdpmMk2MLA", 
    "groupID": "3uuMMpDLvYmxBDSkn", 
    "fluencyFinished": true
  }, 
  {
    "userName": "A1DY4DM16TBFPL", 
    "isReady": true, 
    "fluencyStarted": true, 
    "exitedEarly": false, 
    "conditionID": "bB28yv5BRSWXBvpHE", 
    "userID": "AAoKyWapKySaDNKaR", 
    "experimentID": "FosRMhrLykAorDbRK", 
    "hasStarted": true, 
    "surveyStarted": true, 
    "tutorialStarted": true, 
    "hasFinished": true, 
    "_id": "QT9eqGwuwKCR9yzwW", 
    "groupID": "3uuMMpDLvYmxBDSkn", 
    "fluencyFinished": true
  }, 
  {
    "userName": "A3E3RCR51Z8EVP", 
    "isReady": true, 
    "fluencyStarted": true, 
    "exitedEarly": false, 
    "conditionID": "2KBsBbiv8TQyjHcBd", 
    "userID": "BffvvdWAGYtLriyBe", 
    "experimentID": "FosRMhrLykAorDbRK", 
    "hasStarted": true, 
    "surveyStarted": true, 
    "tutorialStarted": true, 
    "hasFinished": true, 
    "_id": "zFjXWdiJirPMfNyRS", 
    "groupID": "3uuMMpDLvYmxBDSkn", 
    "fluencyFinished": true
  }, 
  {
    "userName": "A13Y8BFNLLB5U2", 
    "isReady": true, 
    "fluencyStarted": true, 
    "exitedEarly": false, 
    "conditionID": "bB28yv5BRSWXBvpHE", 
    "userID": "Wy85XXTPicoJi3K5F", 
    "experimentID": "FosRMhrLykAorDbRK", 
    "hasStarted": true, 
    "surveyStarted": true, 
    "tutorialStarted": true, 
    "hasFinished": true, 
    "_id": "8kxgq5YxKtG47JMzL", 
    "groupID": "3uuMMpDLvYmxBDSkn", 
    "fluencyFinished": true
  }, 
  {
    "userName": "A3PCBMTA2RXGAJ", 
    "isReady": true, 
    "fluencyStarted": true, 
    "exitedEarly": false, 
    "conditionID": "bB28yv5BRSWXBvpHE", 
    "userID": "mb9mJeWEiAfQ5aHMu", 
    "experimentID": "FosRMhrLykAorDbRK", 
    "hasStarted": true, 
    "surveyStarted": true, 
    "tutorialStarted": true, 
    "hasFinished": true, 
    "_id": "yGojFRdf87eibRiRr", 
    "groupID": "3uuMMpDLvYmxBDSkn", 
    "fluencyFinished": true
  }, 
  {
    "userName": "AYC97GMI4V7Y4", 
    "isReady": true, 
    "fluencyStarted": true, 
    "exitedEarly": false, 
    "conditionID": "2KBsBbiv8TQyjHcBd", 
    "userID": "CqH5DwwoLj2YhrNHS", 
    "experimentID": "FosRMhrLykAorDbRK", 
    "hasStarted": true, 
    "surveyStarted": true, 
    "tutorialStarted": true, 
    "hasFinished": true, 
    "_id": "dAiqYz3E6Qjusr2E2", 
    "groupID": "3uuMMpDLvYmxBDSkn", 
    "fluencyFinished": true
  }, 
  {
    "userName": "A70AS0KVKADBY", 
    "isReady": true, 
    "fluencyStarted": true, 
    "exitedEarly": true, 
    "conditionID": "bB28yv5BRSWXBvpHE", 
    "userID": "Y7NDRdgJjRjZbWGEC", 
    "experimentID": "FosRMhrLykAorDbRK", 
    "hasStarted": true, 
    "surveyStarted": false, 
    "tutorialStarted": true, 
    "hasFinished": false, 
    "_id": "AKKPcN58J5ApbxYtg", 
    "groupID": "3uuMMpDLvYmxBDSkn", 
    "fluencyFinished": true
  }, 
  {
    "userName": "A81E86PSRR80C", 
    "isReady": true, 
    "fluencyStarted": true, 
    "exitedEarly": false, 
    "conditionID": "2KBsBbiv8TQyjHcBd", 
    "userID": "AJeEhczTzWNSQ2ubJ", 
    "experimentID": "FosRMhrLykAorDbRK", 
    "hasStarted": true, 
    "surveyStarted": true, 
    "tutorialStarted": true, 
    "hasFinished": true, 
    "_id": "oG5eznKnf55oqYWYb", 
    "groupID": "3uuMMpDLvYmxBDSkn", 
    "fluencyFinished": true
  }
]