[
  {
    "name": "Ideas Filter", 
    "val": -1, 
    "userID": "hS2KnAZ76JT8zsrqt", 
    "collection": "ideas", 
    "field": "votes", 
    "position": 1, 
    "_id": "xEBxRQLxDRWfj3csR", 
    "type": "sorter"
  }, 
  {
    "name": "Ideas Filter", 
    "val": -1, 
    "userID": "Qe9ALEbfvKE6CQj2q", 
    "collection": "ideas", 
    "field": "time", 
    "position": 1, 
    "_id": "jLDStpZKpJ2whzahg", 
    "type": "sorter"
  }, 
  {
    "name": "Ideas Filter", 
    "val": -1, 
    "userID": "Qe9ALEbfvKE6CQj2q", 
    "collection": "ideas", 
    "field": "time", 
    "position": 1, 
    "_id": "2n6J6EmAsB6kvjFRz", 
    "type": "sorter"
  }, 
  {
    "name": "Ideas Filter", 
    "val": -1, 
    "userID": "Qe9ALEbfvKE6CQj2q", 
    "collection": "ideas", 
    "field": "time", 
    "position": 1, 
    "_id": "gKBPegb3yuEHQumyk", 
    "type": "sorter"
  }
]