[
  {
    "_id": "7JuiNnjD8aWvyBynP", 
    "participant": {
      "userName": "A110BZSDZN7E16", 
      "isReady": true, 
      "fluencyStarted": true, 
      "exitedEarly": false, 
      "conditionID": "bB28yv5BRSWXBvpHE", 
      "userID": "ZinKTnfBkxZk5wAQp", 
      "experimentID": "FosRMhrLykAorDbRK", 
      "hasStarted": true, 
      "surveyStarted": true, 
      "tutorialStarted": true, 
      "hasFinished": false, 
      "_id": "npJkZpvNcLWz9pB4T", 
      "groupID": "3uuMMpDLvYmxBDSkn", 
      "fluencyFinished": true
    }, 
    "responses": [
      {
        "answer": "male", 
        "question": "Gender"
      }, 
      {
        "answer": "42", 
        "question": "Age"
      }, 
      {
        "answer": "true", 
        "question": "Is English your first language"
      }, 
      {
        "answer": "false", 
        "question": "Do you speak a 2nd language"
      }, 
      {
        "answer": "US", 
        "question": "What country do you call home"
      }, 
      {
        "answer": "1", 
        "question": "How Frequently do you brainstorm"
      }, 
      {
        "answer": "nope", 
        "question": "Is there anything about the activity that you found particularly challenging"
      }, 
      {
        "answer": "it made me really have to apply myself", 
        "question": "Is there anything about the brainstorming interface that you liked"
      }, 
      {
        "answer": "nope", 
        "question": "Is there anything about the brainstorming interface that you didn't like"
      }
    ]
  }, 
  {
    "_id": "DS3EtiCnaeuSyj8Kc", 
    "participant": {
      "userName": "A2E3TO92MCQ9XU", 
      "isReady": true, 
      "fluencyStarted": true, 
      "exitedEarly": false, 
      "conditionID": "bB28yv5BRSWXBvpHE", 
      "userID": "Ak43cC8Sxt9MddsqJ", 
      "experimentID": "FosRMhrLykAorDbRK", 
      "hasStarted": true, 
      "surveyStarted": true, 
      "tutorialStarted": true, 
      "hasFinished": false, 
      "_id": "vTWG87v3SQ6xg27pf", 
      "groupID": "3uuMMpDLvYmxBDSkn", 
      "fluencyFinished": true
    }, 
    "responses": [
      {
        "answer": "male", 
        "question": "Gender"
      }, 
      {
        "answer": "35", 
        "question": "Age"
      }, 
      {
        "answer": "true", 
        "question": "Is English your first language"
      }, 
      {
        "answer": "false", 
        "question": "Do you speak a 2nd language"
      }, 
      {
        "answer": "USA", 
        "question": "What country do you call home"
      }, 
      {
        "answer": "3", 
        "question": "How Frequently do you brainstorm"
      }, 
      {
        "answer": "no", 
        "question": "Is there anything about the activity that you found particularly challenging"
      }, 
      {
        "answer": "not particularly", 
        "question": "Is there anything about the brainstorming interface that you liked"
      }, 
      {
        "answer": "not particularly", 
        "question": "Is there anything about the brainstorming interface that you didn't like"
      }
    ]
  }, 
  {
    "_id": "XwPaToAoHPN72SwmS", 
    "participant": {
      "userName": "A3KYFEDDBCFQU1", 
      "isReady": true, 
      "fluencyStarted": true, 
      "exitedEarly": false, 
      "conditionID": "bB28yv5BRSWXBvpHE", 
      "userID": "upCPGqe3ArZ8cfh26", 
      "experimentID": "FosRMhrLykAorDbRK", 
      "hasStarted": true, 
      "surveyStarted": true, 
      "tutorialStarted": true, 
      "hasFinished": false, 
      "_id": "ZG82FipuP9J5ieTut", 
      "groupID": "3uuMMpDLvYmxBDSkn", 
      "fluencyFinished": true
    }, 
    "responses": [
      {
        "answer": "female", 
        "question": "Gender"
      }, 
      {
        "answer": "44", 
        "question": "Age"
      }, 
      {
        "answer": "true", 
        "question": "Is English your first language"
      }, 
      {
        "answer": "false", 
        "question": "Do you speak a 2nd language"
      }, 
      {
        "answer": "AMERICA", 
        "question": "What country do you call home"
      }, 
      {
        "answer": "2", 
        "question": "How Frequently do you brainstorm"
      }, 
      {
        "answer": "It was hard to come up with more than a few different ideas without seeming a bit repetitive but it was fun  - I enjoyed the task!", 
        "question": "Is there anything about the activity that you found particularly challenging"
      }, 
      {
        "answer": "I just enjoyed trying to think of things - trying to be creative with the same concept. ", 
        "question": "Is there anything about the brainstorming interface that you liked"
      }, 
      {
        "answer": "Nothing @ all. I really enjoyed myself.", 
        "question": "Is there anything about the brainstorming interface that you didn't like"
      }
    ]
  }, 
  {
    "_id": "DsjcQr2y5G6k98ikd", 
    "participant": {
      "userName": "A2R6RF39X5TG78", 
      "isReady": true, 
      "fluencyStarted": true, 
      "exitedEarly": false, 
      "conditionID": "bB28yv5BRSWXBvpHE", 
      "userID": "j7iiZnY2B9f77hhd2", 
      "experimentID": "FosRMhrLykAorDbRK", 
      "hasStarted": true, 
      "surveyStarted": true, 
      "tutorialStarted": true, 
      "hasFinished": false, 
      "_id": "p4Co8hLzk4WTDFsbq", 
      "groupID": "3uuMMpDLvYmxBDSkn", 
      "fluencyFinished": true
    }, 
    "responses": [
      {
        "answer": "male", 
        "question": "Gender"
      }, 
      {
        "answer": "28", 
        "question": "Age"
      }, 
      {
        "answer": "true", 
        "question": "Is English your first language"
      }, 
      {
        "answer": "false", 
        "question": "Do you speak a 2nd language"
      }, 
      {
        "answer": "USA", 
        "question": "What country do you call home"
      }, 
      {
        "answer": "3", 
        "question": "How Frequently do you brainstorm"
      }, 
      {
        "answer": "", 
        "question": "Is there anything about the activity that you found particularly challenging"
      }, 
      {
        "answer": "", 
        "question": "Is there anything about the brainstorming interface that you liked"
      }, 
      {
        "answer": "", 
        "question": "Is there anything about the brainstorming interface that you didn't like"
      }
    ]
  }, 
  {
    "_id": "SLYbBc3iFGe5pwsJv", 
    "participant": {
      "userName": "A3LD1G3R5NOVYH", 
      "isReady": true, 
      "fluencyStarted": true, 
      "exitedEarly": false, 
      "conditionID": "2KBsBbiv8TQyjHcBd", 
      "userID": "7CPXtoSBeuk9TgrXx", 
      "experimentID": "FosRMhrLykAorDbRK", 
      "hasStarted": true, 
      "surveyStarted": true, 
      "tutorialStarted": true, 
      "hasFinished": false, 
      "_id": "xtuZuQW4s6HZBQvgn", 
      "groupID": "3uuMMpDLvYmxBDSkn", 
      "fluencyFinished": true
    }, 
    "responses": [
      {
        "answer": "female", 
        "question": "Gender"
      }, 
      {
        "answer": "46", 
        "question": "Age"
      }, 
      {
        "answer": "true", 
        "question": "Is English your first language"
      }, 
      {
        "answer": "false", 
        "question": "Do you speak a 2nd language"
      }, 
      {
        "answer": "US", 
        "question": "What country do you call home"
      }, 
      {
        "answer": "1", 
        "question": "How Frequently do you brainstorm"
      }, 
      {
        "answer": "false", 
        "question": "Did you find any of the suggested inspirations helpful"
      }, 
      {
        "answer": "I had either come up with them already or they were stupid", 
        "question": "Briefly explain why inspiration (not) helpful"
      }, 
      {
        "answer": "I don't do social settings much, so thinking about what to do in one was a bit foreign", 
        "question": "Is there anything about the activity that you found particularly challenging"
      }, 
      {
        "answer": "The sections were large and intuitive", 
        "question": "Is there anything about the brainstorming interface that you liked"
      }, 
      {
        "answer": "it would be nice to be able to close the inspiration windows", 
        "question": "Is there anything about the brainstorming interface that you didn't like"
      }
    ]
  }, 
  {
    "_id": "TqNYuGRA4zZu87bxD", 
    "participant": {
      "userName": "A12AU8BCHVKJ59", 
      "isReady": true, 
      "fluencyStarted": true, 
      "exitedEarly": false, 
      "conditionID": "bB28yv5BRSWXBvpHE", 
      "userID": "sknZwRKJH84MYNvzw", 
      "experimentID": "FosRMhrLykAorDbRK", 
      "hasStarted": true, 
      "surveyStarted": true, 
      "tutorialStarted": true, 
      "hasFinished": false, 
      "_id": "f77JxpTrdc8WAugLC", 
      "groupID": "3uuMMpDLvYmxBDSkn", 
      "fluencyFinished": true
    }, 
    "responses": [
      {
        "answer": "male", 
        "question": "Gender"
      }, 
      {
        "answer": "30", 
        "question": "Age"
      }, 
      {
        "answer": "true", 
        "question": "Is English your first language"
      }, 
      {
        "answer": "false", 
        "question": "Do you speak a 2nd language"
      }, 
      {
        "answer": "United States", 
        "question": "What country do you call home"
      }, 
      {
        "answer": "3", 
        "question": "How Frequently do you brainstorm"
      }, 
      {
        "answer": "Just seemed to run out of options, before your last one is just asking them their name.", 
        "question": "Is there anything about the activity that you found particularly challenging"
      }, 
      {
        "answer": "It was fun, get you thinking in a different way. and Boy if i ever forget someones name again, I have some backup plans.", 
        "question": "Is there anything about the brainstorming interface that you liked"
      }, 
      {
        "answer": "Nope all fun thank you!", 
        "question": "Is there anything about the brainstorming interface that you didn't like"
      }
    ]
  }, 
  {
    "_id": "cvvacKhv3APzzSRx2", 
    "participant": {
      "userName": "A1L3CBYMK1QS2Z", 
      "isReady": true, 
      "fluencyStarted": true, 
      "exitedEarly": false, 
      "conditionID": "2KBsBbiv8TQyjHcBd", 
      "userID": "EYNBbzxxAErgyEN3J", 
      "experimentID": "FosRMhrLykAorDbRK", 
      "hasStarted": true, 
      "surveyStarted": true, 
      "tutorialStarted": true, 
      "hasFinished": false, 
      "_id": "B6nHYMYmNXsT3tZZL", 
      "groupID": "3uuMMpDLvYmxBDSkn", 
      "fluencyFinished": true
    }, 
    "responses": [
      {
        "answer": "female", 
        "question": "Gender"
      }, 
      {
        "answer": "26", 
        "question": "Age"
      }, 
      {
        "answer": "true", 
        "question": "Is English your first language"
      }, 
      {
        "answer": "false", 
        "question": "Do you speak a 2nd language"
      }, 
      {
        "answer": "USA", 
        "question": "What country do you call home"
      }, 
      {
        "answer": "3", 
        "question": "How Frequently do you brainstorm"
      }, 
      {
        "answer": "false", 
        "question": "Did you find any of the suggested inspirations helpful"
      }, 
      {
        "answer": "I couldn't think of anything", 
        "question": "Briefly explain why inspiration (not) helpful"
      }, 
      {
        "answer": "all of it", 
        "question": "Is there anything about the activity that you found particularly challenging"
      }, 
      {
        "answer": "I liked how it was set up", 
        "question": "Is there anything about the brainstorming interface that you liked"
      }, 
      {
        "answer": "no", 
        "question": "Is there anything about the brainstorming interface that you didn't like"
      }
    ]
  }, 
  {
    "_id": "MBzhSm3gBcctJsERt", 
    "participant": {
      "userName": "A2FUMA4UR6S920", 
      "isReady": true, 
      "fluencyStarted": true, 
      "exitedEarly": false, 
      "conditionID": "2KBsBbiv8TQyjHcBd", 
      "userID": "BvRHXHqPv33Z6dKYY", 
      "experimentID": "FosRMhrLykAorDbRK", 
      "hasStarted": true, 
      "surveyStarted": true, 
      "tutorialStarted": true, 
      "hasFinished": false, 
      "_id": "wdPtBXzdPuLcfEfxZ", 
      "groupID": "3uuMMpDLvYmxBDSkn", 
      "fluencyFinished": true
    }, 
    "responses": [
      {
        "answer": "male", 
        "question": "Gender"
      }, 
      {
        "answer": "38", 
        "question": "Age"
      }, 
      {
        "question": "Is English your first language"
      }, 
      {
        "answer": "'merica", 
        "question": "What country do you call home"
      }, 
      {
        "answer": "4", 
        "question": "How Frequently do you brainstorm"
      }, 
      {
        "answer": "true", 
        "question": "Did you find any of the suggested inspirations helpful"
      }, 
      {
        "answer": "gets the brain into gear", 
        "question": "Briefly explain why inspiration (not) helpful"
      }, 
      {
        "answer": "all was easy and fast", 
        "question": "Is there anything about the activity that you found particularly challenging"
      }, 
      {
        "answer": "that it can make one think", 
        "question": "Is there anything about the brainstorming interface that you liked"
      }, 
      {
        "answer": "no it was very fun", 
        "question": "Is there anything about the brainstorming interface that you didn't like"
      }
    ]
  }, 
  {
    "_id": "yZEjZEP8F5Wivw6v3", 
    "participant": {
      "userName": "A18O7OUFOB63SO", 
      "isReady": true, 
      "fluencyStarted": true, 
      "exitedEarly": false, 
      "conditionID": "bB28yv5BRSWXBvpHE", 
      "userID": "E3aphA8xjHjcnDxRc", 
      "experimentID": "FosRMhrLykAorDbRK", 
      "hasStarted": true, 
      "surveyStarted": true, 
      "tutorialStarted": true, 
      "hasFinished": false, 
      "_id": "35AjpPBhuAToBC8CQ", 
      "groupID": "3uuMMpDLvYmxBDSkn", 
      "fluencyFinished": true
    }, 
    "responses": [
      {
        "answer": "male", 
        "question": "Gender"
      }, 
      {
        "answer": "28", 
        "question": "Age"
      }, 
      {
        "answer": "true", 
        "question": "Is English your first language"
      }, 
      {
        "answer": "false", 
        "question": "Do you speak a 2nd language"
      }, 
      {
        "answer": "USA", 
        "question": "What country do you call home"
      }, 
      {
        "answer": "3", 
        "question": "How Frequently do you brainstorm"
      }, 
      {
        "answer": "Not particularly. I did start running out of ideas toward the end but that's to be expected in my opinion.", 
        "question": "Is there anything about the activity that you found particularly challenging"
      }, 
      {
        "answer": "I found it to be intuitive and friendly. I liked seeing the timer and my previous ideas written down.", 
        "question": "Is there anything about the brainstorming interface that you liked"
      }, 
      {
        "answer": "Nope, I liked everything.", 
        "question": "Is there anything about the brainstorming interface that you didn't like"
      }
    ]
  }, 
  {
    "_id": "9wb4qhTdCEwouA4JK", 
    "participant": {
      "userName": "A36KDWI1CGJFFA", 
      "isReady": true, 
      "fluencyStarted": true, 
      "exitedEarly": false, 
      "conditionID": "2KBsBbiv8TQyjHcBd", 
      "userID": "929XQh997yrty6vdH", 
      "experimentID": "FosRMhrLykAorDbRK", 
      "hasStarted": true, 
      "surveyStarted": true, 
      "tutorialStarted": true, 
      "hasFinished": false, 
      "_id": "pwZkvmaCSyxLLzGcq", 
      "groupID": "3uuMMpDLvYmxBDSkn", 
      "fluencyFinished": true
    }, 
    "responses": [
      {
        "answer": "male", 
        "question": "Gender"
      }, 
      {
        "answer": "61", 
        "question": "Age"
      }, 
      {
        "answer": "true", 
        "question": "Is English your first language"
      }, 
      {
        "answer": "false", 
        "question": "Do you speak a 2nd language"
      }, 
      {
        "answer": "US", 
        "question": "What country do you call home"
      }, 
      {
        "answer": "3", 
        "question": "How Frequently do you brainstorm"
      }, 
      {
        "answer": "false", 
        "question": "Did you find any of the suggested inspirations helpful"
      }, 
      {
        "answer": "I didn't use them", 
        "question": "Briefly explain why inspiration (not) helpful"
      }, 
      {
        "answer": "No", 
        "question": "Is there anything about the activity that you found particularly challenging"
      }, 
      {
        "answer": "Not really", 
        "question": "Is there anything about the brainstorming interface that you liked"
      }, 
      {
        "answer": "Nope", 
        "question": "Is there anything about the brainstorming interface that you didn't like"
      }
    ]
  }, 
  {
    "_id": "FTENst7iiifu8eMWp", 
    "participant": {
      "userName": "A1HBU82366WX00", 
      "isReady": true, 
      "fluencyStarted": true, 
      "exitedEarly": false, 
      "conditionID": "2KBsBbiv8TQyjHcBd", 
      "userID": "5cG2jhspkgBTRWXFD", 
      "experimentID": "FosRMhrLykAorDbRK", 
      "hasStarted": true, 
      "surveyStarted": true, 
      "tutorialStarted": true, 
      "hasFinished": false, 
      "_id": "xYvZTNBGFe2D6sTK8", 
      "groupID": "3uuMMpDLvYmxBDSkn", 
      "fluencyFinished": true
    }, 
    "responses": [
      {
        "answer": "male", 
        "question": "Gender"
      }, 
      {
        "answer": "39", 
        "question": "Age"
      }, 
      {
        "answer": "true", 
        "question": "Is English your first language"
      }, 
      {
        "answer": "false", 
        "question": "Do you speak a 2nd language"
      }, 
      {
        "answer": "USA", 
        "question": "What country do you call home"
      }, 
      {
        "answer": "2", 
        "question": "How Frequently do you brainstorm"
      }, 
      {
        "answer": "true", 
        "question": "Did you find any of the suggested inspirations helpful"
      }, 
      {
        "answer": "they got me thinking about stuff I hadn't thought about.  ", 
        "question": "Briefly explain why inspiration (not) helpful"
      }, 
      {
        "answer": "It was a bit tough to keep coming up with ideas for 10 min straight.", 
        "question": "Is there anything about the activity that you found particularly challenging"
      }, 
      {
        "answer": "It was fun and got my brain working.  ", 
        "question": "Is there anything about the brainstorming interface that you liked"
      }, 
      {
        "answer": "not really", 
        "question": "Is there anything about the brainstorming interface that you didn't like"
      }
    ]
  }, 
  {
    "_id": "FijK2i5RuEk4XtDNE", 
    "participant": {
      "userName": "ARG47LD1T4XXY", 
      "isReady": true, 
      "fluencyStarted": true, 
      "exitedEarly": false, 
      "conditionID": "bB28yv5BRSWXBvpHE", 
      "userID": "ikrTZEHitS5zzmMTX", 
      "experimentID": "FosRMhrLykAorDbRK", 
      "hasStarted": true, 
      "surveyStarted": true, 
      "tutorialStarted": true, 
      "hasFinished": false, 
      "_id": "qxeY7QXEjhAZ4Fs6c", 
      "groupID": "3uuMMpDLvYmxBDSkn", 
      "fluencyFinished": true
    }, 
    "responses": [
      {
        "answer": "male", 
        "question": "Gender"
      }, 
      {
        "answer": "28", 
        "question": "Age"
      }, 
      {
        "answer": "true", 
        "question": "Is English your first language"
      }, 
      {
        "answer": "false", 
        "question": "Do you speak a 2nd language"
      }, 
      {
        "answer": "United States", 
        "question": "What country do you call home"
      }, 
      {
        "answer": "2", 
        "question": "How Frequently do you brainstorm"
      }, 
      {
        "answer": "No.", 
        "question": "Is there anything about the activity that you found particularly challenging"
      }, 
      {
        "answer": "Liked how entering would add a new idea without much issue.", 
        "question": "Is there anything about the brainstorming interface that you liked"
      }, 
      {
        "answer": "No.", 
        "question": "Is there anything about the brainstorming interface that you didn't like"
      }
    ]
  }, 
  {
    "_id": "u3zr7RPfW9ACgPJoA", 
    "participant": {
      "userName": "A8HJQ9FYV249W", 
      "isReady": true, 
      "fluencyStarted": true, 
      "exitedEarly": false, 
      "conditionID": "2KBsBbiv8TQyjHcBd", 
      "userID": "S5Qewa33cnk7FDCgb", 
      "experimentID": "FosRMhrLykAorDbRK", 
      "hasStarted": true, 
      "surveyStarted": true, 
      "tutorialStarted": true, 
      "hasFinished": false, 
      "_id": "dHPS3N7fMvdqBhvoG", 
      "groupID": "3uuMMpDLvYmxBDSkn", 
      "fluencyFinished": true
    }, 
    "responses": [
      {
        "answer": "male", 
        "question": "Gender"
      }, 
      {
        "answer": "52", 
        "question": "Age"
      }, 
      {
        "answer": "true", 
        "question": "Is English your first language"
      }, 
      {
        "answer": "false", 
        "question": "Do you speak a 2nd language"
      }, 
      {
        "answer": "usa", 
        "question": "What country do you call home"
      }, 
      {
        "answer": "2", 
        "question": "How Frequently do you brainstorm"
      }, 
      {
        "answer": "true", 
        "question": "Did you find any of the suggested inspirations helpful"
      }, 
      {
        "answer": "they got you thinking in different directions", 
        "question": "Briefly explain why inspiration (not) helpful"
      }, 
      {
        "answer": "", 
        "question": "Is there anything about the activity that you found particularly challenging"
      }, 
      {
        "answer": "", 
        "question": "Is there anything about the brainstorming interface that you liked"
      }, 
      {
        "answer": "", 
        "question": "Is there anything about the brainstorming interface that you didn't like"
      }
    ]
  }, 
  {
    "_id": "FEHvqjh5SHbf2gpmr", 
    "participant": {
      "userName": "A2I6SK5KL0WMJS", 
      "isReady": true, 
      "fluencyStarted": true, 
      "exitedEarly": false, 
      "conditionID": "2KBsBbiv8TQyjHcBd", 
      "userID": "QAo9QERau8oRdejTd", 
      "experimentID": "FosRMhrLykAorDbRK", 
      "hasStarted": true, 
      "surveyStarted": true, 
      "tutorialStarted": true, 
      "hasFinished": false, 
      "_id": "ibGuQmJTogvpdpXrh", 
      "groupID": "3uuMMpDLvYmxBDSkn", 
      "fluencyFinished": true
    }, 
    "responses": [
      {
        "answer": "female", 
        "question": "Gender"
      }, 
      {
        "answer": "31", 
        "question": "Age"
      }, 
      {
        "answer": "true", 
        "question": "Is English your first language"
      }, 
      {
        "answer": "false", 
        "question": "Do you speak a 2nd language"
      }, 
      {
        "answer": "USA", 
        "question": "What country do you call home"
      }, 
      {
        "answer": "1", 
        "question": "How Frequently do you brainstorm"
      }, 
      {
        "answer": "true", 
        "question": "Did you find any of the suggested inspirations helpful"
      }, 
      {
        "answer": "There were a couple that were very good ideas, and got me thinking about subtly different questions to ask. ", 
        "question": "Briefly explain why inspiration (not) helpful"
      }, 
      {
        "answer": "It's hard coming up with ideas that aren't some elaborate plan. Also, I wasn't sure if we were trying to figure out the full name of just a first name.", 
        "question": "Is there anything about the activity that you found particularly challenging"
      }, 
      {
        "answer": "I liked that it was easy to understand, and that you enter ideas one at a time", 
        "question": "Is there anything about the brainstorming interface that you liked"
      }, 
      {
        "answer": "I didn't like how much space the inspirations took up the more you clicked to get them", 
        "question": "Is there anything about the brainstorming interface that you didn't like"
      }
    ]
  }, 
  {
    "_id": "XSjZocfjiX6oCynms", 
    "participant": {
      "userName": "A13Y8BFNLLB5U2", 
      "isReady": true, 
      "fluencyStarted": true, 
      "exitedEarly": false, 
      "conditionID": "bB28yv5BRSWXBvpHE", 
      "userID": "Wy85XXTPicoJi3K5F", 
      "experimentID": "FosRMhrLykAorDbRK", 
      "hasStarted": true, 
      "surveyStarted": true, 
      "tutorialStarted": true, 
      "hasFinished": false, 
      "_id": "8kxgq5YxKtG47JMzL", 
      "groupID": "3uuMMpDLvYmxBDSkn", 
      "fluencyFinished": true
    }, 
    "responses": [
      {
        "answer": "male", 
        "question": "Gender"
      }, 
      {
        "answer": "23", 
        "question": "Age"
      }, 
      {
        "answer": "true", 
        "question": "Is English your first language"
      }, 
      {
        "answer": "true", 
        "question": "Do you speak a 2nd language"
      }, 
      {
        "answer": "Spanish", 
        "question": "What is your 2nd language"
      }, 
      {
        "answer": "United States of America", 
        "question": "What country do you call home"
      }, 
      {
        "answer": "2", 
        "question": "How Frequently do you brainstorm"
      }, 
      {
        "answer": "Coming up with ideas on your own can be fairly challenging", 
        "question": "Is there anything about the activity that you found particularly challenging"
      }, 
      {
        "answer": "It was very clean and easy to use", 
        "question": "Is there anything about the brainstorming interface that you liked"
      }, 
      {
        "answer": "No", 
        "question": "Is there anything about the brainstorming interface that you didn't like"
      }
    ]
  }, 
  {
    "_id": "5r9oaNvsHi2nf92Jv", 
    "participant": {
      "userName": "A1QIJ8PQO27CJC", 
      "isReady": true, 
      "fluencyStarted": true, 
      "exitedEarly": false, 
      "conditionID": "2KBsBbiv8TQyjHcBd", 
      "userID": "cpcesbyxsHxP5BfnP", 
      "experimentID": "FosRMhrLykAorDbRK", 
      "hasStarted": true, 
      "surveyStarted": true, 
      "tutorialStarted": true, 
      "hasFinished": false, 
      "_id": "FxquxEd6FxtoDLfn9", 
      "groupID": "3uuMMpDLvYmxBDSkn", 
      "fluencyFinished": true
    }, 
    "responses": [
      {
        "answer": "male", 
        "question": "Gender"
      }, 
      {
        "answer": "34", 
        "question": "Age"
      }, 
      {
        "answer": "true", 
        "question": "Is English your first language"
      }, 
      {
        "answer": "false", 
        "question": "Do you speak a 2nd language"
      }, 
      {
        "answer": "usa", 
        "question": "What country do you call home"
      }, 
      {
        "answer": "2", 
        "question": "How Frequently do you brainstorm"
      }, 
      {
        "answer": "false", 
        "question": "Did you find any of the suggested inspirations helpful"
      }, 
      {
        "answer": "most of them were either obvious or just socially unacceptable", 
        "question": "Briefly explain why inspiration (not) helpful"
      }, 
      {
        "answer": "dealing with the use of \"them\" for a gender nondeterminate singular entity-- that's bad english and totes offends me, like.", 
        "question": "Is there anything about the activity that you found particularly challenging"
      }, 
      {
        "answer": "not particularly", 
        "question": "Is there anything about the brainstorming interface that you liked"
      }, 
      {
        "answer": "not particularly", 
        "question": "Is there anything about the brainstorming interface that you didn't like"
      }
    ]
  }, 
  {
    "_id": "sYvPsSSbxJC9vs5D3", 
    "participant": {
      "userName": "A3E3RCR51Z8EVP", 
      "isReady": true, 
      "fluencyStarted": true, 
      "exitedEarly": false, 
      "conditionID": "2KBsBbiv8TQyjHcBd", 
      "userID": "BffvvdWAGYtLriyBe", 
      "experimentID": "FosRMhrLykAorDbRK", 
      "hasStarted": true, 
      "surveyStarted": true, 
      "tutorialStarted": true, 
      "hasFinished": false, 
      "_id": "zFjXWdiJirPMfNyRS", 
      "groupID": "3uuMMpDLvYmxBDSkn", 
      "fluencyFinished": true
    }, 
    "responses": [
      {
        "answer": "female", 
        "question": "Gender"
      }, 
      {
        "answer": "33", 
        "question": "Age"
      }, 
      {
        "answer": "true", 
        "question": "Is English your first language"
      }, 
      {
        "answer": "false", 
        "question": "Do you speak a 2nd language"
      }, 
      {
        "answer": "United States", 
        "question": "What country do you call home"
      }, 
      {
        "answer": "1", 
        "question": "How Frequently do you brainstorm"
      }, 
      {
        "answer": "true", 
        "question": "Did you find any of the suggested inspirations helpful"
      }, 
      {
        "answer": "Yes - theyhelped me think of other ideas.", 
        "question": "Briefly explain why inspiration (not) helpful"
      }, 
      {
        "answer": "no", 
        "question": "Is there anything about the activity that you found particularly challenging"
      }, 
      {
        "answer": "it was fun and interesting.   unlike other surveys I take. i really enjoyed it.", 
        "question": "Is there anything about the brainstorming interface that you liked"
      }, 
      {
        "answer": "no", 
        "question": "Is there anything about the brainstorming interface that you didn't like"
      }
    ]
  }, 
  {
    "_id": "Tog77fKprEdbtxC72", 
    "participant": {
      "userName": "A3FYQPY2QZ7NRR", 
      "isReady": true, 
      "fluencyStarted": true, 
      "exitedEarly": false, 
      "conditionID": "2KBsBbiv8TQyjHcBd", 
      "userID": "mcaYWnAqqrWeYjjQG", 
      "experimentID": "FosRMhrLykAorDbRK", 
      "hasStarted": true, 
      "surveyStarted": true, 
      "tutorialStarted": true, 
      "hasFinished": false, 
      "_id": "rQLP4gwmdpmMk2MLA", 
      "groupID": "3uuMMpDLvYmxBDSkn", 
      "fluencyFinished": true
    }, 
    "responses": [
      {
        "answer": "female", 
        "question": "Gender"
      }, 
      {
        "answer": "31", 
        "question": "Age"
      }, 
      {
        "answer": "true", 
        "question": "Is English your first language"
      }, 
      {
        "answer": "false", 
        "question": "Do you speak a 2nd language"
      }, 
      {
        "answer": "USA", 
        "question": "What country do you call home"
      }, 
      {
        "answer": "3", 
        "question": "How Frequently do you brainstorm"
      }, 
      {
        "answer": "true", 
        "question": "Did you find any of the suggested inspirations helpful"
      }, 
      {
        "answer": "My mind goes blank when I'm put on the spot", 
        "question": "Briefly explain why inspiration (not) helpful"
      }, 
      {
        "answer": "", 
        "question": "Is there anything about the activity that you found particularly challenging"
      }, 
      {
        "answer": "I liked the inspire me button", 
        "question": "Is there anything about the brainstorming interface that you liked"
      }, 
      {
        "answer": "No", 
        "question": "Is there anything about the brainstorming interface that you didn't like"
      }
    ]
  }, 
  {
    "_id": "8xhsnNucT2keWXxXd", 
    "participant": {
      "userName": "A1DY4DM16TBFPL", 
      "isReady": true, 
      "fluencyStarted": true, 
      "exitedEarly": false, 
      "conditionID": "bB28yv5BRSWXBvpHE", 
      "userID": "AAoKyWapKySaDNKaR", 
      "experimentID": "FosRMhrLykAorDbRK", 
      "hasStarted": true, 
      "surveyStarted": true, 
      "tutorialStarted": true, 
      "hasFinished": false, 
      "_id": "QT9eqGwuwKCR9yzwW", 
      "groupID": "3uuMMpDLvYmxBDSkn", 
      "fluencyFinished": true
    }, 
    "responses": [
      {
        "answer": "male", 
        "question": "Gender"
      }, 
      {
        "answer": "23", 
        "question": "Age"
      }, 
      {
        "answer": "true", 
        "question": "Is English your first language"
      }, 
      {
        "answer": "false", 
        "question": "Do you speak a 2nd language"
      }, 
      {
        "answer": "USA", 
        "question": "What country do you call home"
      }, 
      {
        "answer": "2", 
        "question": "How Frequently do you brainstorm"
      }, 
      {
        "answer": "difficult task", 
        "question": "Is there anything about the activity that you found particularly challenging"
      }, 
      {
        "answer": "usability", 
        "question": "Is there anything about the brainstorming interface that you liked"
      }, 
      {
        "answer": "no", 
        "question": "Is there anything about the brainstorming interface that you didn't like"
      }
    ]
  }, 
  {
    "_id": "4mo4Y9TurAPDSmmms", 
    "participant": {
      "userName": "A1SJRFJWFXSDH4", 
      "isReady": true, 
      "fluencyStarted": true, 
      "exitedEarly": false, 
      "conditionID": "2KBsBbiv8TQyjHcBd", 
      "userID": "aQvsxGqX2ZBQaQc6p", 
      "experimentID": "FosRMhrLykAorDbRK", 
      "hasStarted": true, 
      "surveyStarted": true, 
      "tutorialStarted": true, 
      "hasFinished": false, 
      "_id": "mbRRM49NKDpGZhAQs", 
      "groupID": "3uuMMpDLvYmxBDSkn", 
      "fluencyFinished": true
    }, 
    "responses": [
      {
        "answer": "female", 
        "question": "Gender"
      }, 
      {
        "answer": "25", 
        "question": "Age"
      }, 
      {
        "answer": "true", 
        "question": "Is English your first language"
      }, 
      {
        "answer": "true", 
        "question": "Do you speak a 2nd language"
      }, 
      {
        "answer": "Spanish", 
        "question": "What is your 2nd language"
      }, 
      {
        "answer": "United States", 
        "question": "What country do you call home"
      }, 
      {
        "answer": "1", 
        "question": "How Frequently do you brainstorm"
      }, 
      {
        "answer": "false", 
        "question": "Did you find any of the suggested inspirations helpful"
      }, 
      {
        "answer": "They needed a little more description", 
        "question": "Briefly explain why inspiration (not) helpful"
      }, 
      {
        "answer": "I could not come up with many examples because of the scenario given. I normally just ask for someones name without looking for alternative ways to handle it.", 
        "question": "Is there anything about the activity that you found particularly challenging"
      }, 
      {
        "answer": "I did like the \"inspiration\" box ", 
        "question": "Is there anything about the brainstorming interface that you liked"
      }, 
      {
        "answer": "It may have been helpful if there was some type of animation or video that went along with this. For some reason it was hard to imagine this task", 
        "question": "Is there anything about the brainstorming interface that you didn't like"
      }
    ]
  }, 
  {
    "_id": "kpjNiiESNEcCJbgbe", 
    "participant": {
      "userName": "A29MXEKPLHDJ1O", 
      "isReady": true, 
      "fluencyStarted": true, 
      "exitedEarly": false, 
      "conditionID": "bB28yv5BRSWXBvpHE", 
      "userID": "br4g8Amwbq65vnc7G", 
      "experimentID": "FosRMhrLykAorDbRK", 
      "hasStarted": true, 
      "surveyStarted": true, 
      "tutorialStarted": true, 
      "hasFinished": false, 
      "_id": "2oS7tgf3KbTsm6ScH", 
      "groupID": "3uuMMpDLvYmxBDSkn", 
      "fluencyFinished": true
    }, 
    "responses": [
      {
        "answer": "male", 
        "question": "Gender"
      }, 
      {
        "answer": "37", 
        "question": "Age"
      }, 
      {
        "answer": "true", 
        "question": "Is English your first language"
      }, 
      {
        "answer": "false", 
        "question": "Do you speak a 2nd language"
      }, 
      {
        "answer": "USA", 
        "question": "What country do you call home"
      }, 
      {
        "answer": "2", 
        "question": "How Frequently do you brainstorm"
      }, 
      {
        "answer": "no", 
        "question": "Is there anything about the activity that you found particularly challenging"
      }, 
      {
        "answer": "just thinking how it could really happen", 
        "question": "Is there anything about the brainstorming interface that you liked"
      }, 
      {
        "answer": "no", 
        "question": "Is there anything about the brainstorming interface that you didn't like"
      }
    ]
  }, 
  {
    "_id": "aSJCNDPh4NQGoGeYE", 
    "participant": {
      "userName": "AMFR3KYTD4XBV", 
      "isReady": true, 
      "fluencyStarted": true, 
      "exitedEarly": false, 
      "conditionID": "2KBsBbiv8TQyjHcBd", 
      "userID": "8e6rKPn5B93x4DGNL", 
      "experimentID": "FosRMhrLykAorDbRK", 
      "hasStarted": true, 
      "surveyStarted": true, 
      "tutorialStarted": true, 
      "hasFinished": false, 
      "_id": "eeQEaWnnXdZxuZpiD", 
      "groupID": "3uuMMpDLvYmxBDSkn", 
      "fluencyFinished": true
    }, 
    "responses": [
      {
        "answer": "female", 
        "question": "Gender"
      }, 
      {
        "answer": "37", 
        "question": "Age"
      }, 
      {
        "answer": "true", 
        "question": "Is English your first language"
      }, 
      {
        "answer": "false", 
        "question": "Do you speak a 2nd language"
      }, 
      {
        "answer": "US", 
        "question": "What country do you call home"
      }, 
      {
        "answer": "2", 
        "question": "How Frequently do you brainstorm"
      }, 
      {
        "answer": "true", 
        "question": "Did you find any of the suggested inspirations helpful"
      }, 
      {
        "answer": "Only 1, most seemed to be the same things.", 
        "question": "Briefly explain why inspiration (not) helpful"
      }, 
      {
        "answer": "", 
        "question": "Is there anything about the activity that you found particularly challenging"
      }, 
      {
        "answer": "", 
        "question": "Is there anything about the brainstorming interface that you liked"
      }, 
      {
        "answer": "", 
        "question": "Is there anything about the brainstorming interface that you didn't like"
      }
    ]
  }, 
  {
    "_id": "kCNrhriRLbz8WJ5Jv", 
    "participant": {
      "userName": "A2W3QPD493MHEI", 
      "isReady": true, 
      "fluencyStarted": true, 
      "exitedEarly": false, 
      "conditionID": "bB28yv5BRSWXBvpHE", 
      "userID": "NrtymTxhHiG3u2dF7", 
      "experimentID": "FosRMhrLykAorDbRK", 
      "hasStarted": true, 
      "surveyStarted": true, 
      "tutorialStarted": true, 
      "hasFinished": false, 
      "_id": "GF7BNuodvaGTiZxFn", 
      "groupID": "3uuMMpDLvYmxBDSkn", 
      "fluencyFinished": true
    }, 
    "responses": [
      {
        "answer": "male", 
        "question": "Gender"
      }, 
      {
        "answer": "28", 
        "question": "Age"
      }, 
      {
        "answer": "true", 
        "question": "Is English your first language"
      }, 
      {
        "answer": "false", 
        "question": "Do you speak a 2nd language"
      }, 
      {
        "answer": "USA", 
        "question": "What country do you call home"
      }, 
      {
        "answer": "3", 
        "question": "How Frequently do you brainstorm"
      }, 
      {
        "answer": "No", 
        "question": "Is there anything about the activity that you found particularly challenging"
      }, 
      {
        "answer": "It was easy to add choices", 
        "question": "Is there anything about the brainstorming interface that you liked"
      }, 
      {
        "answer": "No", 
        "question": "Is there anything about the brainstorming interface that you didn't like"
      }
    ]
  }, 
  {
    "_id": "TCDG5fvkjQriNLgzu", 
    "participant": {
      "userName": "AYC97GMI4V7Y4", 
      "isReady": true, 
      "fluencyStarted": true, 
      "exitedEarly": false, 
      "conditionID": "2KBsBbiv8TQyjHcBd", 
      "userID": "CqH5DwwoLj2YhrNHS", 
      "experimentID": "FosRMhrLykAorDbRK", 
      "hasStarted": true, 
      "surveyStarted": true, 
      "tutorialStarted": true, 
      "hasFinished": false, 
      "_id": "dAiqYz3E6Qjusr2E2", 
      "groupID": "3uuMMpDLvYmxBDSkn", 
      "fluencyFinished": true
    }, 
    "responses": [
      {
        "answer": "male", 
        "question": "Gender"
      }, 
      {
        "answer": "36", 
        "question": "Age"
      }, 
      {
        "answer": "true", 
        "question": "Is English your first language"
      }, 
      {
        "answer": "false", 
        "question": "Do you speak a 2nd language"
      }, 
      {
        "answer": "UNITED STATES", 
        "question": "What country do you call home"
      }, 
      {
        "answer": "2", 
        "question": "How Frequently do you brainstorm"
      }, 
      {
        "answer": "true", 
        "question": "Did you find any of the suggested inspirations helpful"
      }, 
      {
        "answer": "IT HELPED ME REALIZE AN ANGLE FOR PROBLEM SOLVING THAT I HAD NOT CONSIDERED. ", 
        "question": "Briefly explain why inspiration (not) helpful"
      }, 
      {
        "answer": "THE TOPIC WAS A LITTE TOUGH.", 
        "question": "Is there anything about the activity that you found particularly challenging"
      }, 
      {
        "answer": "YES. THE WHOLE THING WAS FUN.", 
        "question": "Is there anything about the brainstorming interface that you liked"
      }, 
      {
        "answer": "NO.", 
        "question": "Is there anything about the brainstorming interface that you didn't like"
      }
    ]
  }, 
  {
    "_id": "b4yqbv9y9ewz7Dxd3", 
    "participant": {
      "userName": "A81E86PSRR80C", 
      "isReady": true, 
      "fluencyStarted": true, 
      "exitedEarly": false, 
      "conditionID": "2KBsBbiv8TQyjHcBd", 
      "userID": "AJeEhczTzWNSQ2ubJ", 
      "experimentID": "FosRMhrLykAorDbRK", 
      "hasStarted": true, 
      "surveyStarted": true, 
      "tutorialStarted": true, 
      "hasFinished": false, 
      "_id": "oG5eznKnf55oqYWYb", 
      "groupID": "3uuMMpDLvYmxBDSkn", 
      "fluencyFinished": true
    }, 
    "responses": [
      {
        "answer": "male", 
        "question": "Gender"
      }, 
      {
        "answer": "24", 
        "question": "Age"
      }, 
      {
        "answer": "true", 
        "question": "Is English your first language"
      }, 
      {
        "answer": "false", 
        "question": "Do you speak a 2nd language"
      }, 
      {
        "answer": "United States", 
        "question": "What country do you call home"
      }, 
      {
        "answer": "2", 
        "question": "How Frequently do you brainstorm"
      }, 
      {
        "answer": "true", 
        "question": "Did you find any of the suggested inspirations helpful"
      }, 
      {
        "answer": "A lot of the inspirations were very good ideas, however I wanted only to use my own ideas, so I didn't actually use the inspirations to write things down.", 
        "question": "Briefly explain why inspiration (not) helpful"
      }, 
      {
        "answer": "I found this activity to be very fluid and enjoyable!", 
        "question": "Is there anything about the activity that you found particularly challenging"
      }, 
      {
        "answer": "I liked the entire setup of the interface. It looked good, and it was very intuitive and easy to use for this particular task.", 
        "question": "Is there anything about the brainstorming interface that you liked"
      }, 
      {
        "answer": "There wasn't anything that I recall not liking about the interface! Very enjoyable and interesting task.", 
        "question": "Is there anything about the brainstorming interface that you didn't like"
      }
    ]
  }, 
  {
    "_id": "krGoStH5ukZRceRqX", 
    "participant": {
      "userName": "A3LARK2XWBY8BI", 
      "isReady": true, 
      "fluencyStarted": true, 
      "exitedEarly": false, 
      "conditionID": "2KBsBbiv8TQyjHcBd", 
      "userID": "F3nW5MygZ5PkbHSAn", 
      "experimentID": "FosRMhrLykAorDbRK", 
      "hasStarted": true, 
      "surveyStarted": true, 
      "tutorialStarted": true, 
      "hasFinished": false, 
      "_id": "hb59MuXduuZZxDgfb", 
      "groupID": "3uuMMpDLvYmxBDSkn", 
      "fluencyFinished": true
    }, 
    "responses": [
      {
        "answer": "male", 
        "question": "Gender"
      }, 
      {
        "answer": "11", 
        "question": "Age"
      }, 
      {
        "answer": "true", 
        "question": "Is English your first language"
      }, 
      {
        "answer": "false", 
        "question": "Do you speak a 2nd language"
      }, 
      {
        "answer": "USA", 
        "question": "What country do you call home"
      }, 
      {
        "answer": "4", 
        "question": "How Frequently do you brainstorm"
      }, 
      {
        "answer": "true", 
        "question": "Did you find any of the suggested inspirations helpful"
      }, 
      {
        "answer": "it helps trigger other ideas", 
        "question": "Briefly explain why inspiration (not) helpful"
      }, 
      {
        "answer": "no", 
        "question": "Is there anything about the activity that you found particularly challenging"
      }, 
      {
        "answer": "it made me think", 
        "question": "Is there anything about the brainstorming interface that you liked"
      }, 
      {
        "answer": "no", 
        "question": "Is there anything about the brainstorming interface that you didn't like"
      }
    ]
  }, 
  {
    "_id": "nHXd7ZqgTzYofrqjH", 
    "participant": {
      "userName": "A1KZRSLKACHL4D", 
      "isReady": true, 
      "fluencyStarted": true, 
      "exitedEarly": false, 
      "conditionID": "bB28yv5BRSWXBvpHE", 
      "userID": "Gvv5wEW9K5QiBh7bQ", 
      "experimentID": "FosRMhrLykAorDbRK", 
      "hasStarted": true, 
      "surveyStarted": true, 
      "tutorialStarted": true, 
      "hasFinished": false, 
      "_id": "KQsGsTXTJfGi3dZcr", 
      "groupID": "3uuMMpDLvYmxBDSkn", 
      "fluencyFinished": true
    }, 
    "responses": [
      {
        "answer": "female", 
        "question": "Gender"
      }, 
      {
        "answer": "27", 
        "question": "Age"
      }, 
      {
        "answer": "true", 
        "question": "Is English your first language"
      }, 
      {
        "answer": "false", 
        "question": "Do you speak a 2nd language"
      }, 
      {
        "answer": "USA", 
        "question": "What country do you call home"
      }, 
      {
        "answer": "3", 
        "question": "How Frequently do you brainstorm"
      }, 
      {
        "answer": "Coming up with ideas that didn't sound ridiculous.", 
        "question": "Is there anything about the activity that you found particularly challenging"
      }, 
      {
        "answer": "I liked being able to see the list, and being able to hit enter to submit.", 
        "question": "Is there anything about the brainstorming interface that you liked"
      }, 
      {
        "answer": "No.", 
        "question": "Is there anything about the brainstorming interface that you didn't like"
      }
    ]
  }, 
  {
    "_id": "wWvjcNcpcSb6WYhQL", 
    "participant": {
      "userName": "A3GWOC2Q53BW2N", 
      "isReady": true, 
      "fluencyStarted": true, 
      "exitedEarly": false, 
      "conditionID": "bB28yv5BRSWXBvpHE", 
      "userID": "BXSjvTdmuMPfQf7ss", 
      "experimentID": "FosRMhrLykAorDbRK", 
      "hasStarted": true, 
      "surveyStarted": true, 
      "tutorialStarted": true, 
      "hasFinished": false, 
      "_id": "DfsyuLEoHZPsSQNDe", 
      "groupID": "3uuMMpDLvYmxBDSkn", 
      "fluencyFinished": true
    }, 
    "responses": [
      {
        "answer": "male", 
        "question": "Gender"
      }, 
      {
        "answer": "38", 
        "question": "Age"
      }, 
      {
        "answer": "true", 
        "question": "Is English your first language"
      }, 
      {
        "answer": "false", 
        "question": "Do you speak a 2nd language"
      }, 
      {
        "answer": "USA", 
        "question": "What country do you call home"
      }, 
      {
        "answer": "2", 
        "question": "How Frequently do you brainstorm"
      }, 
      {
        "answer": "no", 
        "question": "Is there anything about the activity that you found particularly challenging"
      }, 
      {
        "answer": "I like coming up with ideas", 
        "question": "Is there anything about the brainstorming interface that you liked"
      }, 
      {
        "answer": "no", 
        "question": "Is there anything about the brainstorming interface that you didn't like"
      }
    ]
  }, 
  {
    "_id": "Egw9mYyzrH3aG2Rx6", 
    "participant": {
      "userName": "AKDPKZLO2EZS5", 
      "isReady": true, 
      "fluencyStarted": true, 
      "exitedEarly": false, 
      "conditionID": "2KBsBbiv8TQyjHcBd", 
      "userID": "SfLdd9KZsYaFBoqgX", 
      "experimentID": "FosRMhrLykAorDbRK", 
      "hasStarted": true, 
      "surveyStarted": true, 
      "tutorialStarted": true, 
      "hasFinished": false, 
      "_id": "deKadQ5XPD7c3bXki", 
      "groupID": "3uuMMpDLvYmxBDSkn", 
      "fluencyFinished": true
    }, 
    "responses": [
      {
        "answer": "female", 
        "question": "Gender"
      }, 
      {
        "answer": "33", 
        "question": "Age"
      }, 
      {
        "answer": "true", 
        "question": "Is English your first language"
      }, 
      {
        "answer": "true", 
        "question": "Do you speak a 2nd language"
      }, 
      {
        "answer": "French", 
        "question": "What is your 2nd language"
      }, 
      {
        "answer": "USA", 
        "question": "What country do you call home"
      }, 
      {
        "answer": "2", 
        "question": "How Frequently do you brainstorm"
      }, 
      {
        "answer": "true", 
        "question": "Did you find any of the suggested inspirations helpful"
      }, 
      {
        "answer": "because it was basically a new idea that I could use or twist into a new idea", 
        "question": "Briefly explain why inspiration (not) helpful"
      }, 
      {
        "answer": "Hard when you are put on the spot and timed!", 
        "question": "Is there anything about the activity that you found particularly challenging"
      }, 
      {
        "answer": "I tried to remember every time I forgot someones name and what I did then... ", 
        "question": "Is there anything about the brainstorming interface that you liked"
      }, 
      {
        "answer": "no", 
        "question": "Is there anything about the brainstorming interface that you didn't like"
      }
    ]
  }, 
  {
    "_id": "oBfiKr9xGBTTEu9Ey", 
    "participant": {
      "userName": "A3A0F9JZNLLSR0", 
      "isReady": true, 
      "fluencyStarted": true, 
      "exitedEarly": false, 
      "conditionID": "bB28yv5BRSWXBvpHE", 
      "userID": "7MDTf2Dg7waE4tDTh", 
      "experimentID": "FosRMhrLykAorDbRK", 
      "hasStarted": true, 
      "surveyStarted": true, 
      "tutorialStarted": true, 
      "hasFinished": false, 
      "_id": "ciPwFdwQKG9ZXhYxq", 
      "groupID": "3uuMMpDLvYmxBDSkn", 
      "fluencyFinished": true
    }, 
    "responses": [
      {
        "answer": "female", 
        "question": "Gender"
      }, 
      {
        "answer": "20", 
        "question": "Age"
      }, 
      {
        "answer": "true", 
        "question": "Is English your first language"
      }, 
      {
        "answer": "false", 
        "question": "Do you speak a 2nd language"
      }, 
      {
        "answer": "US", 
        "question": "What country do you call home"
      }, 
      {
        "answer": "3", 
        "question": "How Frequently do you brainstorm"
      }, 
      {
        "answer": "Trying to imagine alternative things than the usual in the situation.", 
        "question": "Is there anything about the activity that you found particularly challenging"
      }, 
      {
        "answer": "I liked the whole thing actually, it's very user-friendly.", 
        "question": "Is there anything about the brainstorming interface that you liked"
      }, 
      {
        "answer": "Just that I couldn't think of more things!", 
        "question": "Is there anything about the brainstorming interface that you didn't like"
      }
    ]
  }, 
  {
    "_id": "bP777TZBhTXwmh6St", 
    "participant": {
      "userName": "A2TKF8DPMLXRUO", 
      "isReady": true, 
      "fluencyStarted": true, 
      "exitedEarly": false, 
      "conditionID": "bB28yv5BRSWXBvpHE", 
      "userID": "qJjzor7DAnxLKtHp4", 
      "experimentID": "FosRMhrLykAorDbRK", 
      "hasStarted": true, 
      "surveyStarted": true, 
      "tutorialStarted": true, 
      "hasFinished": false, 
      "_id": "vCEwzX779kdy9Y98e", 
      "groupID": "3uuMMpDLvYmxBDSkn", 
      "fluencyFinished": true
    }, 
    "responses": [
      {
        "answer": "female", 
        "question": "Gender"
      }, 
      {
        "answer": "20", 
        "question": "Age"
      }, 
      {
        "answer": "true", 
        "question": "Is English your first language"
      }, 
      {
        "answer": "false", 
        "question": "Do you speak a 2nd language"
      }, 
      {
        "answer": "United States", 
        "question": "What country do you call home"
      }, 
      {
        "answer": "2", 
        "question": "How Frequently do you brainstorm"
      }, 
      {
        "answer": "I ran out of ideas quickly", 
        "question": "Is there anything about the activity that you found particularly challenging"
      }, 
      {
        "answer": "I like everything about the interfact", 
        "question": "Is there anything about the brainstorming interface that you liked"
      }, 
      {
        "answer": "No issues", 
        "question": "Is there anything about the brainstorming interface that you didn't like"
      }
    ]
  }, 
  {
    "_id": "xFXQj5MkoraH92jSZ", 
    "participant": {
      "userName": "AY5J43G9KD11K", 
      "isReady": true, 
      "fluencyStarted": true, 
      "exitedEarly": false, 
      "conditionID": "2KBsBbiv8TQyjHcBd", 
      "userID": "PwXGFaFnRtE2nfmAX", 
      "experimentID": "FosRMhrLykAorDbRK", 
      "hasStarted": true, 
      "surveyStarted": true, 
      "tutorialStarted": true, 
      "hasFinished": false, 
      "_id": "y9m8JPjdeJiCCFts7", 
      "groupID": "3uuMMpDLvYmxBDSkn", 
      "fluencyFinished": true
    }, 
    "responses": [
      {
        "answer": "female", 
        "question": "Gender"
      }, 
      {
        "answer": "44", 
        "question": "Age"
      }, 
      {
        "answer": "true", 
        "question": "Is English your first language"
      }, 
      {
        "question": "Do you speak a 2nd language"
      }, 
      {
        "answer": "usa", 
        "question": "What country do you call home"
      }, 
      {
        "answer": "5", 
        "question": "How Frequently do you brainstorm"
      }, 
      {
        "answer": "false", 
        "question": "Did you find any of the suggested inspirations helpful"
      }, 
      {
        "answer": "it was totally confusing", 
        "question": "Briefly explain why inspiration (not) helpful"
      }, 
      {
        "answer": "it was totally confusing", 
        "question": "Is there anything about the activity that you found particularly challenging"
      }, 
      {
        "answer": "it was totally confusing", 
        "question": "Is there anything about the brainstorming interface that you liked"
      }, 
      {
        "answer": "it was totally confusing", 
        "question": "Is there anything about the brainstorming interface that you didn't like"
      }
    ]
  }, 
  {
    "_id": "5g355mpdhyLcCzTcR", 
    "participant": {
      "userName": "A14SABDOE6QHMK", 
      "isReady": true, 
      "fluencyStarted": true, 
      "exitedEarly": false, 
      "conditionID": "2KBsBbiv8TQyjHcBd", 
      "userID": "2c8YxkCtyALkFQW6M", 
      "experimentID": "FosRMhrLykAorDbRK", 
      "hasStarted": true, 
      "surveyStarted": true, 
      "tutorialStarted": true, 
      "hasFinished": false, 
      "_id": "bebQeKHyZPM29GSni", 
      "groupID": "3uuMMpDLvYmxBDSkn", 
      "fluencyFinished": true
    }, 
    "responses": [
      {
        "answer": "female", 
        "question": "Gender"
      }, 
      {
        "answer": "36", 
        "question": "Age"
      }, 
      {
        "answer": "true", 
        "question": "Is English your first language"
      }, 
      {
        "answer": "false", 
        "question": "Do you speak a 2nd language"
      }, 
      {
        "answer": "united states", 
        "question": "What country do you call home"
      }, 
      {
        "answer": "3", 
        "question": "How Frequently do you brainstorm"
      }, 
      {
        "answer": "false", 
        "question": "Did you find any of the suggested inspirations helpful"
      }, 
      {
        "answer": "alot of the suggestions i already had come up with", 
        "question": "Briefly explain why inspiration (not) helpful"
      }, 
      {
        "answer": "starting was hard", 
        "question": "Is there anything about the activity that you found particularly challenging"
      }, 
      {
        "answer": "user friendly and easy to you", 
        "question": "Is there anything about the brainstorming interface that you liked"
      }, 
      {
        "answer": "needs better inspirations", 
        "question": "Is there anything about the brainstorming interface that you didn't like"
      }
    ]
  }, 
  {
    "_id": "s49QRdjAKrqAt8eEs", 
    "participant": {
      "userName": "AFZ2GF2AV8VCI", 
      "isReady": true, 
      "fluencyStarted": true, 
      "exitedEarly": false, 
      "conditionID": "bB28yv5BRSWXBvpHE", 
      "userID": "A7cjvvmQNQ6zEYpP7", 
      "experimentID": "FosRMhrLykAorDbRK", 
      "hasStarted": true, 
      "surveyStarted": true, 
      "tutorialStarted": true, 
      "hasFinished": false, 
      "_id": "D7ehEB9dhtHi8L8q2", 
      "groupID": "3uuMMpDLvYmxBDSkn", 
      "fluencyFinished": true
    }, 
    "responses": [
      {
        "answer": "female", 
        "question": "Gender"
      }, 
      {
        "answer": "32", 
        "question": "Age"
      }, 
      {
        "answer": "true", 
        "question": "Is English your first language"
      }, 
      {
        "answer": "false", 
        "question": "Do you speak a 2nd language"
      }, 
      {
        "answer": "USA", 
        "question": "What country do you call home"
      }, 
      {
        "answer": "2", 
        "question": "How Frequently do you brainstorm"
      }, 
      {
        "answer": "not really", 
        "question": "Is there anything about the activity that you found particularly challenging"
      }, 
      {
        "answer": "It was fun thinking of ways to get the name.", 
        "question": "Is there anything about the brainstorming interface that you liked"
      }, 
      {
        "answer": "I didn't know each idea had to be submitted seperatly. I just wrote all my ideas on one and submitted it.", 
        "question": "Is there anything about the brainstorming interface that you didn't like"
      }
    ]
  }, 
  {
    "_id": "iokJzRqdxGF3a5v7f", 
    "participant": {
      "userName": "A3PCBMTA2RXGAJ", 
      "isReady": true, 
      "fluencyStarted": true, 
      "exitedEarly": false, 
      "conditionID": "bB28yv5BRSWXBvpHE", 
      "userID": "mb9mJeWEiAfQ5aHMu", 
      "experimentID": "FosRMhrLykAorDbRK", 
      "hasStarted": true, 
      "surveyStarted": true, 
      "tutorialStarted": true, 
      "hasFinished": false, 
      "_id": "yGojFRdf87eibRiRr", 
      "groupID": "3uuMMpDLvYmxBDSkn", 
      "fluencyFinished": true
    }, 
    "responses": [
      {
        "answer": "female", 
        "question": "Gender"
      }, 
      {
        "answer": "43", 
        "question": "Age"
      }, 
      {
        "answer": "true", 
        "question": "Is English your first language"
      }, 
      {
        "answer": "false", 
        "question": "Do you speak a 2nd language"
      }, 
      {
        "answer": "usa", 
        "question": "What country do you call home"
      }, 
      {
        "answer": "2", 
        "question": "How Frequently do you brainstorm"
      }, 
      {
        "answer": "utilizing the whole 10 minutes to come up with ideas", 
        "question": "Is there anything about the activity that you found particularly challenging"
      }, 
      {
        "answer": "it was easy to use", 
        "question": "Is there anything about the brainstorming interface that you liked"
      }, 
      {
        "answer": "no", 
        "question": "Is there anything about the brainstorming interface that you didn't like"
      }
    ]
  }
]