[
  {
    "promptID": "ytjXuZiW7xk6uaoCJ", 
    "attachments": [], 
    "edited": false, 
    "ideaNodeID": "qJkjDf7BnMJKYQskT", 
    "comments": [], 
    "priority": 2, 
    "assignments": [
      {
        "promptID": "ytjXuZiW7xk6uaoCJ", 
        "userID": "7CPXtoSBeuk9TgrXx", 
        "assignmentTime": 1430922368055.0, 
        "taskID": "JwZGgDumbqX2YWsW8", 
        "_id": "EXSk4j8zQpSCHeydN", 
        "groupID": "3uuMMpDLvYmxBDSkn"
      }, 
      {
        "promptID": "ytjXuZiW7xk6uaoCJ", 
        "userID": "mcaYWnAqqrWeYjjQG", 
        "assignmentTime": 1430922367699.0, 
        "taskID": "JwZGgDumbqX2YWsW8", 
        "_id": "bPobEYQspBDEhv3nj", 
        "groupID": "3uuMMpDLvYmxBDSkn"
      }, 
      {
        "promptID": "ytjXuZiW7xk6uaoCJ", 
        "userID": "S5Qewa33cnk7FDCgb", 
        "assignmentTime": 1430922383798.0, 
        "taskID": "JwZGgDumbqX2YWsW8", 
        "_id": "PioMAySr6TtRqEzcK", 
        "groupID": "3uuMMpDLvYmxBDSkn"
      }, 
      {
        "promptID": "ytjXuZiW7xk6uaoCJ", 
        "userID": "BffvvdWAGYtLriyBe", 
        "assignmentTime": 1430922430231.0, 
        "taskID": "JwZGgDumbqX2YWsW8", 
        "_id": "BoXxJYM85Mn7CkZh9", 
        "groupID": "3uuMMpDLvYmxBDSkn"
      }, 
      {
        "promptID": "ytjXuZiW7xk6uaoCJ", 
        "userID": "QAo9QERau8oRdejTd", 
        "assignmentTime": 1430922531615.0, 
        "taskID": "JwZGgDumbqX2YWsW8", 
        "_id": "vN9p6HQJzn3s2Qd25", 
        "groupID": "3uuMMpDLvYmxBDSkn"
      }, 
      {
        "promptID": "ytjXuZiW7xk6uaoCJ", 
        "userID": "F3nW5MygZ5PkbHSAn", 
        "assignmentTime": 1430923113826.0, 
        "taskID": "JwZGgDumbqX2YWsW8", 
        "_id": "SNxpnmWNN5QdrAnSF", 
        "groupID": "3uuMMpDLvYmxBDSkn"
      }
    ], 
    "authorID": "hS2KnAZ76JT8zsrqt", 
    "num": 15, 
    "time": 1430922369475.0, 
    "_id": "JwZGgDumbqX2YWsW8", 
    "type": "open", 
    "groupID": "3uuMMpDLvYmxBDSkn", 
    "desc": "ask them to tell you who of famous people share their name"
  }, 
  {
    "promptID": "ytjXuZiW7xk6uaoCJ", 
    "attachments": [], 
    "edited": false, 
    "ideaNodeID": "pYRFoTZz6QmoJDqsC", 
    "comments": [], 
    "priority": 2, 
    "assignments": [
      {
        "promptID": "ytjXuZiW7xk6uaoCJ", 
        "userID": "BffvvdWAGYtLriyBe", 
        "assignmentTime": 1430922689725.0, 
        "taskID": "RYAno8MuR2Nbz5iyF", 
        "_id": "bAwCupx4gDnxaShFC", 
        "groupID": "3uuMMpDLvYmxBDSkn"
      }, 
      {
        "promptID": "ytjXuZiW7xk6uaoCJ", 
        "userID": "mcaYWnAqqrWeYjjQG", 
        "assignmentTime": 1430922691498.0, 
        "taskID": "RYAno8MuR2Nbz5iyF", 
        "_id": "YFhEsQj9SPw8iWe7J", 
        "groupID": "3uuMMpDLvYmxBDSkn"
      }, 
      {
        "promptID": "ytjXuZiW7xk6uaoCJ", 
        "userID": "SfLdd9KZsYaFBoqgX", 
        "assignmentTime": 1430922702440.0, 
        "taskID": "RYAno8MuR2Nbz5iyF", 
        "_id": "nrP5kMmiSkjhezLhK", 
        "groupID": "3uuMMpDLvYmxBDSkn"
      }, 
      {
        "promptID": "ytjXuZiW7xk6uaoCJ", 
        "userID": "S5Qewa33cnk7FDCgb", 
        "assignmentTime": 1430922700717.0, 
        "taskID": "RYAno8MuR2Nbz5iyF", 
        "_id": "cSfizpALSPPj3Dz3K", 
        "groupID": "3uuMMpDLvYmxBDSkn"
      }, 
      {
        "promptID": "ytjXuZiW7xk6uaoCJ", 
        "userID": "AJeEhczTzWNSQ2ubJ", 
        "assignmentTime": 1430922825830.0, 
        "taskID": "RYAno8MuR2Nbz5iyF", 
        "_id": "XRqmbmLvc5JmNHXbg", 
        "groupID": "3uuMMpDLvYmxBDSkn"
      }, 
      {
        "promptID": "ytjXuZiW7xk6uaoCJ", 
        "userID": "2c8YxkCtyALkFQW6M", 
        "assignmentTime": 1430923068862.0, 
        "taskID": "RYAno8MuR2Nbz5iyF", 
        "_id": "JDEHAgiHmNJ6cbgC4", 
        "groupID": "3uuMMpDLvYmxBDSkn"
      }, 
      {
        "promptID": "ytjXuZiW7xk6uaoCJ", 
        "userID": "F3nW5MygZ5PkbHSAn", 
        "assignmentTime": 1430923095061.0, 
        "taskID": "RYAno8MuR2Nbz5iyF", 
        "_id": "PwX7fH7d95GE7ieYw", 
        "groupID": "3uuMMpDLvYmxBDSkn"
      }
    ], 
    "authorID": "hS2KnAZ76JT8zsrqt", 
    "num": 15, 
    "time": 1430922694169.0, 
    "_id": "RYAno8MuR2Nbz5iyF", 
    "type": "open", 
    "groupID": "3uuMMpDLvYmxBDSkn", 
    "desc": "play the game listing all things starting with first letter of their name "
  }, 
  {
    "promptID": "ytjXuZiW7xk6uaoCJ", 
    "attachments": [], 
    "edited": false, 
    "ideaNodeID": "qtfvKFDPBZNEDMcJY", 
    "comments": [], 
    "priority": 2, 
    "assignments": [
      {
        "promptID": "ytjXuZiW7xk6uaoCJ", 
        "userID": "2c8YxkCtyALkFQW6M", 
        "assignmentTime": 1430922993539.0, 
        "taskID": "Cm4pRSF9m7ExXicTZ", 
        "_id": "9bvAgkg6Loj2Yaoa3", 
        "groupID": "3uuMMpDLvYmxBDSkn"
      }, 
      {
        "promptID": "ytjXuZiW7xk6uaoCJ", 
        "userID": "SfLdd9KZsYaFBoqgX", 
        "assignmentTime": 1430923009405.0, 
        "taskID": "Cm4pRSF9m7ExXicTZ", 
        "_id": "R4F9N2dBbbAAkocKi", 
        "groupID": "3uuMMpDLvYmxBDSkn"
      }, 
      {
        "promptID": "ytjXuZiW7xk6uaoCJ", 
        "userID": "8e6rKPn5B93x4DGNL", 
        "assignmentTime": 1430922985463.0, 
        "taskID": "Cm4pRSF9m7ExXicTZ", 
        "_id": "BH6TQkyvTzQiK2D52", 
        "groupID": "3uuMMpDLvYmxBDSkn"
      }, 
      {
        "promptID": "ytjXuZiW7xk6uaoCJ", 
        "userID": "F3nW5MygZ5PkbHSAn", 
        "assignmentTime": 1430923079589.0, 
        "taskID": "Cm4pRSF9m7ExXicTZ", 
        "_id": "sChhcYdFodkuGRFdm", 
        "groupID": "3uuMMpDLvYmxBDSkn"
      }
    ], 
    "authorID": "hS2KnAZ76JT8zsrqt", 
    "num": 15, 
    "time": 1430922976529.0, 
    "_id": "Cm4pRSF9m7ExXicTZ", 
    "type": "open", 
    "groupID": "3uuMMpDLvYmxBDSkn", 
    "desc": "ask them to show you  driver license to see when they pass the test "
  }, 
  {
    "promptID": "ytjXuZiW7xk6uaoCJ", 
    "attachments": [], 
    "edited": false, 
    "ideaNodeID": "F7FJjwPm63YKtnbXp", 
    "comments": [], 
    "priority": 2, 
    "assignments": [
      {
        "promptID": "ytjXuZiW7xk6uaoCJ", 
        "userID": "2c8YxkCtyALkFQW6M", 
        "assignmentTime": 1430923198889.0, 
        "taskID": "jSjmKAjm834dHAWQL", 
        "_id": "FduhfBPfj6zJT3Exr", 
        "groupID": "3uuMMpDLvYmxBDSkn"
      }, 
      {
        "promptID": "ytjXuZiW7xk6uaoCJ", 
        "userID": "F3nW5MygZ5PkbHSAn", 
        "assignmentTime": 1430923198879.0, 
        "taskID": "jSjmKAjm834dHAWQL", 
        "_id": "4qvcJoynN76MBtekp", 
        "groupID": "3uuMMpDLvYmxBDSkn"
      }, 
      {
        "promptID": "ytjXuZiW7xk6uaoCJ", 
        "userID": "SfLdd9KZsYaFBoqgX", 
        "assignmentTime": 1430923208176.0, 
        "taskID": "jSjmKAjm834dHAWQL", 
        "_id": "8FQdWZmM2vQr5ZLnj", 
        "groupID": "3uuMMpDLvYmxBDSkn"
      }
    ], 
    "authorID": "hS2KnAZ76JT8zsrqt", 
    "num": 15, 
    "time": 1430923192412.0, 
    "_id": "jSjmKAjm834dHAWQL", 
    "type": "open", 
    "groupID": "3uuMMpDLvYmxBDSkn", 
    "desc": "remember the people you met them with"
  }, 
  {
    "promptID": "ytjXuZiW7xk6uaoCJ", 
    "attachments": [], 
    "edited": false, 
    "ideaNodeID": "uR8dN6w6NRcetqFWn", 
    "comments": [], 
    "priority": 2, 
    "assignments": [
      {
        "promptID": "ytjXuZiW7xk6uaoCJ", 
        "userID": "EYNBbzxxAErgyEN3J", 
        "assignmentTime": 1430922026141.0, 
        "taskID": "c6bD7W9Ex45GzB8Ln", 
        "_id": "E9uko32Gc4oAETdxX", 
        "groupID": "3uuMMpDLvYmxBDSkn"
      }, 
      {
        "promptID": "ytjXuZiW7xk6uaoCJ", 
        "userID": "7CPXtoSBeuk9TgrXx", 
        "assignmentTime": 1430922043174.0, 
        "taskID": "c6bD7W9Ex45GzB8Ln", 
        "_id": "tJdLSJgsQ2ejgaGNM", 
        "groupID": "3uuMMpDLvYmxBDSkn"
      }, 
      {
        "promptID": "ytjXuZiW7xk6uaoCJ", 
        "userID": "QAo9QERau8oRdejTd", 
        "assignmentTime": 1430922070914.0, 
        "taskID": "c6bD7W9Ex45GzB8Ln", 
        "_id": "dZB7DpYX6MzLXtyxd", 
        "groupID": "3uuMMpDLvYmxBDSkn"
      }, 
      {
        "promptID": "ytjXuZiW7xk6uaoCJ", 
        "userID": "BvRHXHqPv33Z6dKYY", 
        "assignmentTime": 1430922081243.0, 
        "taskID": "c6bD7W9Ex45GzB8Ln", 
        "_id": "X7kxdjMvgFQEEvqkN", 
        "groupID": "3uuMMpDLvYmxBDSkn"
      }, 
      {
        "promptID": "ytjXuZiW7xk6uaoCJ", 
        "userID": "S5Qewa33cnk7FDCgb", 
        "assignmentTime": 1430922143533.0, 
        "taskID": "c6bD7W9Ex45GzB8Ln", 
        "_id": "Nd369RPwcwbJ2nTcF", 
        "groupID": "3uuMMpDLvYmxBDSkn"
      }, 
      {
        "promptID": "ytjXuZiW7xk6uaoCJ", 
        "userID": "5cG2jhspkgBTRWXFD", 
        "assignmentTime": 1430922180456.0, 
        "taskID": "c6bD7W9Ex45GzB8Ln", 
        "_id": "sRJunGiPCzWZLrGcf", 
        "groupID": "3uuMMpDLvYmxBDSkn"
      }, 
      {
        "promptID": "ytjXuZiW7xk6uaoCJ", 
        "userID": "mcaYWnAqqrWeYjjQG", 
        "assignmentTime": 1430922320496.0, 
        "taskID": "c6bD7W9Ex45GzB8Ln", 
        "_id": "wGmsQGWhMTpRFLY4y", 
        "groupID": "3uuMMpDLvYmxBDSkn"
      }, 
      {
        "promptID": "ytjXuZiW7xk6uaoCJ", 
        "userID": "BffvvdWAGYtLriyBe", 
        "assignmentTime": 1430922742984.0, 
        "taskID": "c6bD7W9Ex45GzB8Ln", 
        "_id": "FHGdF2LCkpJfK783S", 
        "groupID": "3uuMMpDLvYmxBDSkn"
      }, 
      {
        "promptID": "ytjXuZiW7xk6uaoCJ", 
        "userID": "F3nW5MygZ5PkbHSAn", 
        "assignmentTime": 1430923183890.0, 
        "taskID": "c6bD7W9Ex45GzB8Ln", 
        "_id": "yLd5wQAYEqrAGRfSz", 
        "groupID": "3uuMMpDLvYmxBDSkn"
      }
    ], 
    "authorID": "hS2KnAZ76JT8zsrqt", 
    "num": 15, 
    "time": 1430922014871.0, 
    "_id": "c6bD7W9Ex45GzB8Ln", 
    "type": "open", 
    "groupID": "3uuMMpDLvYmxBDSkn", 
    "desc": "what about reminding them of situation you met them?"
  }, 
  {
    "promptID": "ytjXuZiW7xk6uaoCJ", 
    "attachments": [], 
    "edited": false, 
    "ideaNodeID": "XjDNtboqsaMgYnwbY", 
    "comments": [], 
    "priority": 2, 
    "assignments": [
      {
        "promptID": "ytjXuZiW7xk6uaoCJ", 
        "userID": "QAo9QERau8oRdejTd", 
        "assignmentTime": 1430922258443.0, 
        "taskID": "o5P6fgz8Tgq7EDdTf", 
        "_id": "pyxqpPxLZttDDENfB", 
        "groupID": "3uuMMpDLvYmxBDSkn"
      }, 
      {
        "promptID": "ytjXuZiW7xk6uaoCJ", 
        "userID": "mcaYWnAqqrWeYjjQG", 
        "assignmentTime": 1430922254537.0, 
        "taskID": "o5P6fgz8Tgq7EDdTf", 
        "_id": "mspnHKDNtvD7zorwp", 
        "groupID": "3uuMMpDLvYmxBDSkn"
      }, 
      {
        "promptID": "ytjXuZiW7xk6uaoCJ", 
        "userID": "5cG2jhspkgBTRWXFD", 
        "assignmentTime": 1430922280170.0, 
        "taskID": "o5P6fgz8Tgq7EDdTf", 
        "_id": "b3Cnq67AwgASaEDSh", 
        "groupID": "3uuMMpDLvYmxBDSkn"
      }, 
      {
        "promptID": "ytjXuZiW7xk6uaoCJ", 
        "userID": "7CPXtoSBeuk9TgrXx", 
        "assignmentTime": 1430922302507.0, 
        "taskID": "o5P6fgz8Tgq7EDdTf", 
        "_id": "gMJXRAXYusWwbMAZa", 
        "groupID": "3uuMMpDLvYmxBDSkn"
      }, 
      {
        "promptID": "ytjXuZiW7xk6uaoCJ", 
        "userID": "BffvvdWAGYtLriyBe", 
        "assignmentTime": 1430922304275.0, 
        "taskID": "o5P6fgz8Tgq7EDdTf", 
        "_id": "RNutYT6nBbgKuoZFw", 
        "groupID": "3uuMMpDLvYmxBDSkn"
      }, 
      {
        "promptID": "ytjXuZiW7xk6uaoCJ", 
        "userID": "S5Qewa33cnk7FDCgb", 
        "assignmentTime": 1430922320879.0, 
        "taskID": "o5P6fgz8Tgq7EDdTf", 
        "_id": "H5LREgGHfvQJNLE3w", 
        "groupID": "3uuMMpDLvYmxBDSkn"
      }, 
      {
        "promptID": "ytjXuZiW7xk6uaoCJ", 
        "userID": "cpcesbyxsHxP5BfnP", 
        "assignmentTime": 1430922341090.0, 
        "taskID": "o5P6fgz8Tgq7EDdTf", 
        "_id": "DQ9P8G9vrodYrxyAA", 
        "groupID": "3uuMMpDLvYmxBDSkn"
      }, 
      {
        "promptID": "ytjXuZiW7xk6uaoCJ", 
        "userID": "F3nW5MygZ5PkbHSAn", 
        "assignmentTime": 1430923164532.0, 
        "taskID": "o5P6fgz8Tgq7EDdTf", 
        "_id": "TSghmyBn6B6cTpzYN", 
        "groupID": "3uuMMpDLvYmxBDSkn"
      }
    ], 
    "authorID": "hS2KnAZ76JT8zsrqt", 
    "num": 15, 
    "time": 1430922241988.0, 
    "_id": "o5P6fgz8Tgq7EDdTf", 
    "type": "open", 
    "groupID": "3uuMMpDLvYmxBDSkn", 
    "desc": "talk to them until you find out name"
  }, 
  {
    "promptID": "ytjXuZiW7xk6uaoCJ", 
    "attachments": [], 
    "edited": false, 
    "ideaNodeID": "CKGNRFQ98hP2p3v9D", 
    "comments": [], 
    "priority": 2, 
    "assignments": [
      {
        "promptID": "ytjXuZiW7xk6uaoCJ", 
        "userID": "S5Qewa33cnk7FDCgb", 
        "assignmentTime": 1430922190664.0, 
        "taskID": "q4kXF7r57vdiMTxBi", 
        "_id": "mpgrMGQcc8CWuLqtq", 
        "groupID": "3uuMMpDLvYmxBDSkn"
      }, 
      {
        "promptID": "ytjXuZiW7xk6uaoCJ", 
        "userID": "QAo9QERau8oRdejTd", 
        "assignmentTime": 1430922198900.0, 
        "taskID": "q4kXF7r57vdiMTxBi", 
        "_id": "EdQxg3QWWEe2JkRSb", 
        "groupID": "3uuMMpDLvYmxBDSkn"
      }, 
      {
        "promptID": "ytjXuZiW7xk6uaoCJ", 
        "userID": "7CPXtoSBeuk9TgrXx", 
        "assignmentTime": 1430922221821.0, 
        "taskID": "q4kXF7r57vdiMTxBi", 
        "_id": "CAkaYNDQnsiSdpimg", 
        "groupID": "3uuMMpDLvYmxBDSkn"
      }, 
      {
        "promptID": "ytjXuZiW7xk6uaoCJ", 
        "userID": "mcaYWnAqqrWeYjjQG", 
        "assignmentTime": 1430922310102.0, 
        "taskID": "q4kXF7r57vdiMTxBi", 
        "_id": "LCC63kSQkjGKwdHrQ", 
        "groupID": "3uuMMpDLvYmxBDSkn"
      }, 
      {
        "promptID": "ytjXuZiW7xk6uaoCJ", 
        "userID": "5cG2jhspkgBTRWXFD", 
        "assignmentTime": 1430922342309.0, 
        "taskID": "q4kXF7r57vdiMTxBi", 
        "_id": "oBSPxBvc3QZFuWRCs", 
        "groupID": "3uuMMpDLvYmxBDSkn"
      }, 
      {
        "promptID": "ytjXuZiW7xk6uaoCJ", 
        "userID": "BffvvdWAGYtLriyBe", 
        "assignmentTime": 1430922692875.0, 
        "taskID": "q4kXF7r57vdiMTxBi", 
        "_id": "LSKxxNvv4uyfHdL5s", 
        "groupID": "3uuMMpDLvYmxBDSkn"
      }, 
      {
        "promptID": "ytjXuZiW7xk6uaoCJ", 
        "userID": "F3nW5MygZ5PkbHSAn", 
        "assignmentTime": 1430923176427.0, 
        "taskID": "q4kXF7r57vdiMTxBi", 
        "_id": "M7zSvf6M4DuMQSa84", 
        "groupID": "3uuMMpDLvYmxBDSkn"
      }
    ], 
    "authorID": "hS2KnAZ76JT8zsrqt", 
    "num": 15, 
    "time": 1430922185957.0, 
    "_id": "q4kXF7r57vdiMTxBi", 
    "type": "open", 
    "groupID": "3uuMMpDLvYmxBDSkn", 
    "desc": "ask someone else"
  }, 
  {
    "promptID": "ytjXuZiW7xk6uaoCJ", 
    "attachments": [], 
    "edited": false, 
    "ideaNodeID": "CgTbwMYPQjprGFPeW", 
    "comments": [], 
    "priority": 2, 
    "assignments": [
      {
        "promptID": "ytjXuZiW7xk6uaoCJ", 
        "userID": "7CPXtoSBeuk9TgrXx", 
        "assignmentTime": 1430922207392.0, 
        "taskID": "keRRmJqirhxzPTpS7", 
        "_id": "uWAeo7GpRxLRNjJRq", 
        "groupID": "3uuMMpDLvYmxBDSkn"
      }, 
      {
        "promptID": "ytjXuZiW7xk6uaoCJ", 
        "userID": "5cG2jhspkgBTRWXFD", 
        "assignmentTime": 1430922292945.0, 
        "taskID": "keRRmJqirhxzPTpS7", 
        "_id": "S5NN6QeJYSCR4kG6M", 
        "groupID": "3uuMMpDLvYmxBDSkn"
      }, 
      {
        "promptID": "ytjXuZiW7xk6uaoCJ", 
        "userID": "mcaYWnAqqrWeYjjQG", 
        "assignmentTime": 1430922302963.0, 
        "taskID": "keRRmJqirhxzPTpS7", 
        "_id": "Df8GeGZCDntEjJrc5", 
        "groupID": "3uuMMpDLvYmxBDSkn"
      }, 
      {
        "promptID": "ytjXuZiW7xk6uaoCJ", 
        "userID": "cpcesbyxsHxP5BfnP", 
        "assignmentTime": 1430922347245.0, 
        "taskID": "keRRmJqirhxzPTpS7", 
        "_id": "qC44PEWCGGhZdTF64", 
        "groupID": "3uuMMpDLvYmxBDSkn"
      }, 
      {
        "promptID": "ytjXuZiW7xk6uaoCJ", 
        "userID": "S5Qewa33cnk7FDCgb", 
        "assignmentTime": 1430922452954.0, 
        "taskID": "keRRmJqirhxzPTpS7", 
        "_id": "MLsNQcYS9JC3ukafh", 
        "groupID": "3uuMMpDLvYmxBDSkn"
      }, 
      {
        "promptID": "ytjXuZiW7xk6uaoCJ", 
        "userID": "BffvvdWAGYtLriyBe", 
        "assignmentTime": 1430922569196.0, 
        "taskID": "keRRmJqirhxzPTpS7", 
        "_id": "uzWX6jfTiBB2FXSdb", 
        "groupID": "3uuMMpDLvYmxBDSkn"
      }, 
      {
        "promptID": "ytjXuZiW7xk6uaoCJ", 
        "userID": "QAo9QERau8oRdejTd", 
        "assignmentTime": 1430922598805.0, 
        "taskID": "keRRmJqirhxzPTpS7", 
        "_id": "scWgDjNWwfkATdDM8", 
        "groupID": "3uuMMpDLvYmxBDSkn"
      }, 
      {
        "promptID": "ytjXuZiW7xk6uaoCJ", 
        "userID": "F3nW5MygZ5PkbHSAn", 
        "assignmentTime": 1430923171221.0, 
        "taskID": "keRRmJqirhxzPTpS7", 
        "_id": "XgW6j8iew8WGZbi5q", 
        "groupID": "3uuMMpDLvYmxBDSkn"
      }
    ], 
    "authorID": "hS2KnAZ76JT8zsrqt", 
    "num": 15, 
    "time": 1430922209190.0, 
    "_id": "keRRmJqirhxzPTpS7", 
    "type": "open", 
    "groupID": "3uuMMpDLvYmxBDSkn", 
    "desc": "ask them to put their contact info in your phone"
  }, 
  {
    "promptID": "ytjXuZiW7xk6uaoCJ", 
    "attachments": [], 
    "edited": false, 
    "ideaNodeID": "5A8eL7ZZ8GMwQYsJS", 
    "comments": [], 
    "priority": 2, 
    "assignments": [
      {
        "promptID": "ytjXuZiW7xk6uaoCJ", 
        "userID": "S5Qewa33cnk7FDCgb", 
        "assignmentTime": 1430922411620.0, 
        "taskID": "Yjpf7LwKhYpsMvwRq", 
        "_id": "gtrxWF2aNJdPDeazW", 
        "groupID": "3uuMMpDLvYmxBDSkn"
      }, 
      {
        "promptID": "ytjXuZiW7xk6uaoCJ", 
        "userID": "QAo9QERau8oRdejTd", 
        "assignmentTime": 1430922417613.0, 
        "taskID": "Yjpf7LwKhYpsMvwRq", 
        "_id": "BFzyaLFqJZFTR9Pu4", 
        "groupID": "3uuMMpDLvYmxBDSkn"
      }, 
      {
        "promptID": "ytjXuZiW7xk6uaoCJ", 
        "userID": "mcaYWnAqqrWeYjjQG", 
        "assignmentTime": 1430922413430.0, 
        "taskID": "Yjpf7LwKhYpsMvwRq", 
        "_id": "SmBXuJEequctLn6Eu", 
        "groupID": "3uuMMpDLvYmxBDSkn"
      }, 
      {
        "promptID": "ytjXuZiW7xk6uaoCJ", 
        "userID": "BffvvdWAGYtLriyBe", 
        "assignmentTime": 1430922416993.0, 
        "taskID": "Yjpf7LwKhYpsMvwRq", 
        "_id": "GznwToXysrwMcbhqE", 
        "groupID": "3uuMMpDLvYmxBDSkn"
      }, 
      {
        "promptID": "ytjXuZiW7xk6uaoCJ", 
        "userID": "7CPXtoSBeuk9TgrXx", 
        "assignmentTime": 1430922450545.0, 
        "taskID": "Yjpf7LwKhYpsMvwRq", 
        "_id": "oXSSqjSud6oKvDj6B", 
        "groupID": "3uuMMpDLvYmxBDSkn"
      }, 
      {
        "promptID": "ytjXuZiW7xk6uaoCJ", 
        "userID": "F3nW5MygZ5PkbHSAn", 
        "assignmentTime": 1430923112443.0, 
        "taskID": "Yjpf7LwKhYpsMvwRq", 
        "_id": "vaAnRZW8gCeZH48Mb", 
        "groupID": "3uuMMpDLvYmxBDSkn"
      }, 
      {
        "promptID": "ytjXuZiW7xk6uaoCJ", 
        "userID": "2c8YxkCtyALkFQW6M", 
        "assignmentTime": 1430923196696.0, 
        "taskID": "Yjpf7LwKhYpsMvwRq", 
        "_id": "DkN7sm4Mx22tPNPH5", 
        "groupID": "3uuMMpDLvYmxBDSkn"
      }
    ], 
    "authorID": "hS2KnAZ76JT8zsrqt", 
    "num": 15, 
    "time": 1430922413158.0, 
    "_id": "Yjpf7LwKhYpsMvwRq", 
    "type": "open", 
    "groupID": "3uuMMpDLvYmxBDSkn", 
    "desc": "ask them how they get their name"
  }, 
  {
    "promptID": "ytjXuZiW7xk6uaoCJ", 
    "attachments": [], 
    "edited": false, 
    "ideaNodeID": "AS2qYF2ahubBv86DA", 
    "comments": [], 
    "priority": 2, 
    "assignments": [
      {
        "promptID": "ytjXuZiW7xk6uaoCJ", 
        "userID": "mcaYWnAqqrWeYjjQG", 
        "assignmentTime": 1430922801696.0, 
        "taskID": "JkHnmignkDYM3gqcg", 
        "_id": "uosZe59D4wKSvLsMp", 
        "groupID": "3uuMMpDLvYmxBDSkn"
      }, 
      {
        "promptID": "ytjXuZiW7xk6uaoCJ", 
        "userID": "AJeEhczTzWNSQ2ubJ", 
        "assignmentTime": 1430922814784.0, 
        "taskID": "JkHnmignkDYM3gqcg", 
        "_id": "LQ3hy6QtZb8LWNJgT", 
        "groupID": "3uuMMpDLvYmxBDSkn"
      }, 
      {
        "promptID": "ytjXuZiW7xk6uaoCJ", 
        "userID": "SfLdd9KZsYaFBoqgX", 
        "assignmentTime": 1430922827615.0, 
        "taskID": "JkHnmignkDYM3gqcg", 
        "_id": "rT7rvu4cb2NRKvsA7", 
        "groupID": "3uuMMpDLvYmxBDSkn"
      }, 
      {
        "promptID": "ytjXuZiW7xk6uaoCJ", 
        "userID": "CqH5DwwoLj2YhrNHS", 
        "assignmentTime": 1430922834076.0, 
        "taskID": "JkHnmignkDYM3gqcg", 
        "_id": "WBqeCx5xpMnBNpywE", 
        "groupID": "3uuMMpDLvYmxBDSkn"
      }, 
      {
        "promptID": "ytjXuZiW7xk6uaoCJ", 
        "userID": "8e6rKPn5B93x4DGNL", 
        "assignmentTime": 1430922775460.0, 
        "taskID": "JkHnmignkDYM3gqcg", 
        "_id": "ASvzMKxYXp46mKMbh", 
        "groupID": "3uuMMpDLvYmxBDSkn"
      }, 
      {
        "promptID": "ytjXuZiW7xk6uaoCJ", 
        "userID": "2c8YxkCtyALkFQW6M", 
        "assignmentTime": 1430922844748.0, 
        "taskID": "JkHnmignkDYM3gqcg", 
        "_id": "CyvxoKbdQiLE4q6gt", 
        "groupID": "3uuMMpDLvYmxBDSkn"
      }, 
      {
        "promptID": "ytjXuZiW7xk6uaoCJ", 
        "userID": "aQvsxGqX2ZBQaQc6p", 
        "assignmentTime": 1430922821962.0, 
        "taskID": "JkHnmignkDYM3gqcg", 
        "_id": "spj5PGSoWvBxvokmZ", 
        "groupID": "3uuMMpDLvYmxBDSkn"
      }, 
      {
        "promptID": "ytjXuZiW7xk6uaoCJ", 
        "userID": "F3nW5MygZ5PkbHSAn", 
        "assignmentTime": 1430923089113.0, 
        "taskID": "JkHnmignkDYM3gqcg", 
        "_id": "hkRFjgW7ihyY3XPWK", 
        "groupID": "3uuMMpDLvYmxBDSkn"
      }
    ], 
    "authorID": "hS2KnAZ76JT8zsrqt", 
    "num": 15, 
    "time": 1430922804435.0, 
    "_id": "JkHnmignkDYM3gqcg", 
    "type": "open", 
    "groupID": "3uuMMpDLvYmxBDSkn", 
    "desc": "why did you get your name"
  }, 
  {
    "promptID": "ytjXuZiW7xk6uaoCJ", 
    "attachments": [], 
    "edited": false, 
    "ideaNodeID": "TruANbvYsnpc3Jdbg", 
    "comments": [], 
    "priority": 2, 
    "assignments": [
      {
        "promptID": "ytjXuZiW7xk6uaoCJ", 
        "userID": "AJeEhczTzWNSQ2ubJ", 
        "assignmentTime": 1430922887042.0, 
        "taskID": "CnckPGwbuaTnWuCWm", 
        "_id": "2KqRDffKXcyupXpAf", 
        "groupID": "3uuMMpDLvYmxBDSkn"
      }, 
      {
        "promptID": "ytjXuZiW7xk6uaoCJ", 
        "userID": "2c8YxkCtyALkFQW6M", 
        "assignmentTime": 1430922893713.0, 
        "taskID": "CnckPGwbuaTnWuCWm", 
        "_id": "nLQg9NZXEW9n768LN", 
        "groupID": "3uuMMpDLvYmxBDSkn"
      }, 
      {
        "promptID": "ytjXuZiW7xk6uaoCJ", 
        "userID": "CqH5DwwoLj2YhrNHS", 
        "assignmentTime": 1430922917581.0, 
        "taskID": "CnckPGwbuaTnWuCWm", 
        "_id": "vks8z48xAaCNmn5Ti", 
        "groupID": "3uuMMpDLvYmxBDSkn"
      }, 
      {
        "promptID": "ytjXuZiW7xk6uaoCJ", 
        "userID": "SfLdd9KZsYaFBoqgX", 
        "assignmentTime": 1430922923310.0, 
        "taskID": "CnckPGwbuaTnWuCWm", 
        "_id": "QNaY9diAmENc3pni8", 
        "groupID": "3uuMMpDLvYmxBDSkn"
      }, 
      {
        "promptID": "ytjXuZiW7xk6uaoCJ", 
        "userID": "8e6rKPn5B93x4DGNL", 
        "assignmentTime": 1430922896384.0, 
        "taskID": "CnckPGwbuaTnWuCWm", 
        "_id": "9ZfzzRSXd73JbSwg4", 
        "groupID": "3uuMMpDLvYmxBDSkn"
      }, 
      {
        "promptID": "ytjXuZiW7xk6uaoCJ", 
        "userID": "F3nW5MygZ5PkbHSAn", 
        "assignmentTime": 1430923087496.0, 
        "taskID": "CnckPGwbuaTnWuCWm", 
        "_id": "LjgdZt8xZghx3Wx45", 
        "groupID": "3uuMMpDLvYmxBDSkn"
      }
    ], 
    "authorID": "hS2KnAZ76JT8zsrqt", 
    "num": 15, 
    "time": 1430922885712.0, 
    "_id": "CnckPGwbuaTnWuCWm", 
    "type": "open", 
    "groupID": "3uuMMpDLvYmxBDSkn", 
    "desc": "how did you get your name"
  }, 
  {
    "promptID": "ytjXuZiW7xk6uaoCJ", 
    "attachments": [], 
    "edited": false, 
    "ideaNodeID": "aG5j45EGdxaj3hpd2", 
    "comments": [], 
    "priority": 2, 
    "assignments": [
      {
        "promptID": "ytjXuZiW7xk6uaoCJ", 
        "userID": "BffvvdWAGYtLriyBe", 
        "assignmentTime": 1430922741221.0, 
        "taskID": "RNuBTAmM8QmopXqxk", 
        "_id": "PXuq97owkssDrJDco", 
        "groupID": "3uuMMpDLvYmxBDSkn"
      }, 
      {
        "promptID": "ytjXuZiW7xk6uaoCJ", 
        "userID": "jAC5zMLjjoiih2y7Y", 
        "assignmentTime": 1430922744938.0, 
        "taskID": "RNuBTAmM8QmopXqxk", 
        "_id": "XTBsJDx5JoANp8btR", 
        "groupID": "3uuMMpDLvYmxBDSkn"
      }, 
      {
        "promptID": "ytjXuZiW7xk6uaoCJ", 
        "userID": "mcaYWnAqqrWeYjjQG", 
        "assignmentTime": 1430922745383.0, 
        "taskID": "RNuBTAmM8QmopXqxk", 
        "_id": "5nYFXej9ssRwabBvS", 
        "groupID": "3uuMMpDLvYmxBDSkn"
      }, 
      {
        "promptID": "ytjXuZiW7xk6uaoCJ", 
        "userID": "8e6rKPn5B93x4DGNL", 
        "assignmentTime": 1430922693308.0, 
        "taskID": "RNuBTAmM8QmopXqxk", 
        "_id": "s9e6unLALAEqaqgf8", 
        "groupID": "3uuMMpDLvYmxBDSkn"
      }, 
      {
        "promptID": "ytjXuZiW7xk6uaoCJ", 
        "userID": "aQvsxGqX2ZBQaQc6p", 
        "assignmentTime": 1430922745136.0, 
        "taskID": "RNuBTAmM8QmopXqxk", 
        "_id": "FoH7nJcasefaFwmji", 
        "groupID": "3uuMMpDLvYmxBDSkn"
      }, 
      {
        "promptID": "ytjXuZiW7xk6uaoCJ", 
        "userID": "YwB2e8ijEpYgax2Lv", 
        "assignmentTime": 1430922764088.0, 
        "taskID": "RNuBTAmM8QmopXqxk", 
        "_id": "izCC3i8Enc6kfmshj", 
        "groupID": "3uuMMpDLvYmxBDSkn"
      }, 
      {
        "promptID": "ytjXuZiW7xk6uaoCJ", 
        "userID": "SfLdd9KZsYaFBoqgX", 
        "assignmentTime": 1430922778595.0, 
        "taskID": "RNuBTAmM8QmopXqxk", 
        "_id": "JJ8snC2bQqhR64xdt", 
        "groupID": "3uuMMpDLvYmxBDSkn"
      }, 
      {
        "promptID": "ytjXuZiW7xk6uaoCJ", 
        "userID": "PwXGFaFnRtE2nfmAX", 
        "assignmentTime": 1430922782468.0, 
        "taskID": "RNuBTAmM8QmopXqxk", 
        "_id": "z42fhJR4wG3MPYym7", 
        "groupID": "3uuMMpDLvYmxBDSkn"
      }, 
      {
        "promptID": "ytjXuZiW7xk6uaoCJ", 
        "userID": "AJeEhczTzWNSQ2ubJ", 
        "assignmentTime": 1430922820216.0, 
        "taskID": "RNuBTAmM8QmopXqxk", 
        "_id": "DqSfSMhsBaFzf2CzY", 
        "groupID": "3uuMMpDLvYmxBDSkn"
      }, 
      {
        "promptID": "ytjXuZiW7xk6uaoCJ", 
        "userID": "2c8YxkCtyALkFQW6M", 
        "assignmentTime": 1430922960322.0, 
        "taskID": "RNuBTAmM8QmopXqxk", 
        "_id": "k6wdTSWLqCjRgt72F", 
        "groupID": "3uuMMpDLvYmxBDSkn"
      }, 
      {
        "promptID": "ytjXuZiW7xk6uaoCJ", 
        "userID": "F3nW5MygZ5PkbHSAn", 
        "assignmentTime": 1430923093309.0, 
        "taskID": "RNuBTAmM8QmopXqxk", 
        "_id": "3awkMZJ47C6orFA58", 
        "groupID": "3uuMMpDLvYmxBDSkn"
      }
    ], 
    "authorID": "hS2KnAZ76JT8zsrqt", 
    "num": 15, 
    "time": 1430922734107.0, 
    "_id": "RNuBTAmM8QmopXqxk", 
    "type": "open", 
    "groupID": "3uuMMpDLvYmxBDSkn", 
    "desc": "ask for their siblings names"
  }, 
  {
    "promptID": "ytjXuZiW7xk6uaoCJ", 
    "attachments": [], 
    "edited": false, 
    "ideaNodeID": "T45ndZSARM2iy5CFL", 
    "comments": [], 
    "priority": 2, 
    "assignments": [
      {
        "promptID": "ytjXuZiW7xk6uaoCJ", 
        "userID": "8e6rKPn5B93x4DGNL", 
        "assignmentTime": 1430922950872.0, 
        "taskID": "4ekRb9HXEnacCaaYv", 
        "_id": "vFsDf4zRsRHdaDGW7", 
        "groupID": "3uuMMpDLvYmxBDSkn"
      }, 
      {
        "promptID": "ytjXuZiW7xk6uaoCJ", 
        "userID": "2c8YxkCtyALkFQW6M", 
        "assignmentTime": 1430923051608.0, 
        "taskID": "4ekRb9HXEnacCaaYv", 
        "_id": "njSrby2wt7HxEBhhw", 
        "groupID": "3uuMMpDLvYmxBDSkn"
      }, 
      {
        "promptID": "ytjXuZiW7xk6uaoCJ", 
        "userID": "F3nW5MygZ5PkbHSAn", 
        "assignmentTime": 1430923076214.0, 
        "taskID": "4ekRb9HXEnacCaaYv", 
        "_id": "2qLbYqsbxEcymvKHg", 
        "groupID": "3uuMMpDLvYmxBDSkn"
      }
    ], 
    "authorID": "hS2KnAZ76JT8zsrqt", 
    "num": 15, 
    "time": 1430923009559.0, 
    "_id": "4ekRb9HXEnacCaaYv", 
    "type": "open", 
    "groupID": "3uuMMpDLvYmxBDSkn", 
    "desc": "wait until somebody else mentioned their name"
  }, 
  {
    "promptID": "ytjXuZiW7xk6uaoCJ", 
    "attachments": [], 
    "edited": false, 
    "ideaNodeID": "xckPScRtM9TjwMpbH", 
    "comments": [], 
    "priority": 2, 
    "assignments": [
      {
        "promptID": "ytjXuZiW7xk6uaoCJ", 
        "userID": "F3nW5MygZ5PkbHSAn", 
        "assignmentTime": 1430923055271.0, 
        "taskID": "avnyiLMrK8uBWwPR8", 
        "_id": "FTAPgzjWLQEmnepkp", 
        "groupID": "3uuMMpDLvYmxBDSkn"
      }, 
      {
        "promptID": "ytjXuZiW7xk6uaoCJ", 
        "userID": "2c8YxkCtyALkFQW6M", 
        "assignmentTime": 1430923067080.0, 
        "taskID": "avnyiLMrK8uBWwPR8", 
        "_id": "6F3tJcGvhcmM2RwHY", 
        "groupID": "3uuMMpDLvYmxBDSkn"
      }
    ], 
    "authorID": "hS2KnAZ76JT8zsrqt", 
    "num": 15, 
    "time": 1430923046882.0, 
    "_id": "avnyiLMrK8uBWwPR8", 
    "type": "open", 
    "groupID": "3uuMMpDLvYmxBDSkn", 
    "desc": "ask a friend"
  }, 
  {
    "promptID": "ytjXuZiW7xk6uaoCJ", 
    "attachments": [], 
    "edited": false, 
    "ideaNodeID": "eW9fLvFYZLu7eykEF", 
    "comments": [], 
    "priority": 2, 
    "assignments": [
      {
        "promptID": "ytjXuZiW7xk6uaoCJ", 
        "userID": "mcaYWnAqqrWeYjjQG", 
        "assignmentTime": 1430922539028.0, 
        "taskID": "WwoTyeSGMcNJszbxP", 
        "_id": "gGfdpZfhn35toEXKw", 
        "groupID": "3uuMMpDLvYmxBDSkn"
      }, 
      {
        "promptID": "ytjXuZiW7xk6uaoCJ", 
        "userID": "QAo9QERau8oRdejTd", 
        "assignmentTime": 1430922553381.0, 
        "taskID": "WwoTyeSGMcNJszbxP", 
        "_id": "JNk3mNfwEiTwM96Tm", 
        "groupID": "3uuMMpDLvYmxBDSkn"
      }, 
      {
        "promptID": "ytjXuZiW7xk6uaoCJ", 
        "userID": "S5Qewa33cnk7FDCgb", 
        "assignmentTime": 1430922564306.0, 
        "taskID": "WwoTyeSGMcNJszbxP", 
        "_id": "gjcioLzeAsKqXmMki", 
        "groupID": "3uuMMpDLvYmxBDSkn"
      }, 
      {
        "promptID": "ytjXuZiW7xk6uaoCJ", 
        "userID": "BffvvdWAGYtLriyBe", 
        "assignmentTime": 1430922566956.0, 
        "taskID": "WwoTyeSGMcNJszbxP", 
        "_id": "mXv47Zkdzpv88KYsR", 
        "groupID": "3uuMMpDLvYmxBDSkn"
      }, 
      {
        "promptID": "ytjXuZiW7xk6uaoCJ", 
        "userID": "5cG2jhspkgBTRWXFD", 
        "assignmentTime": 1430922613524.0, 
        "taskID": "WwoTyeSGMcNJszbxP", 
        "_id": "4CS8GASCYHkxN7ppT", 
        "groupID": "3uuMMpDLvYmxBDSkn"
      }, 
      {
        "promptID": "ytjXuZiW7xk6uaoCJ", 
        "userID": "cpcesbyxsHxP5BfnP", 
        "assignmentTime": 1430922684051.0, 
        "taskID": "WwoTyeSGMcNJszbxP", 
        "_id": "TLzdmxjy8axCMRtbX", 
        "groupID": "3uuMMpDLvYmxBDSkn"
      }, 
      {
        "promptID": "ytjXuZiW7xk6uaoCJ", 
        "userID": "8e6rKPn5B93x4DGNL", 
        "assignmentTime": 1430922625560.0, 
        "taskID": "WwoTyeSGMcNJszbxP", 
        "_id": "94SPqrsXboQgXxQk3", 
        "groupID": "3uuMMpDLvYmxBDSkn"
      }, 
      {
        "promptID": "ytjXuZiW7xk6uaoCJ", 
        "userID": "SfLdd9KZsYaFBoqgX", 
        "assignmentTime": 1430922859494.0, 
        "taskID": "WwoTyeSGMcNJszbxP", 
        "_id": "LTsfNRf32sdQiG8Fi", 
        "groupID": "3uuMMpDLvYmxBDSkn"
      }, 
      {
        "promptID": "ytjXuZiW7xk6uaoCJ", 
        "userID": "AJeEhczTzWNSQ2ubJ", 
        "assignmentTime": 1430922892414.0, 
        "taskID": "WwoTyeSGMcNJszbxP", 
        "_id": "zNmkKygvygWh5qZvR", 
        "groupID": "3uuMMpDLvYmxBDSkn"
      }, 
      {
        "promptID": "ytjXuZiW7xk6uaoCJ", 
        "userID": "2c8YxkCtyALkFQW6M", 
        "assignmentTime": 1430923079567.0, 
        "taskID": "WwoTyeSGMcNJszbxP", 
        "_id": "Lfdt3ZpnAWra6NoEQ", 
        "groupID": "3uuMMpDLvYmxBDSkn"
      }, 
      {
        "promptID": "ytjXuZiW7xk6uaoCJ", 
        "userID": "F3nW5MygZ5PkbHSAn", 
        "assignmentTime": 1430923098189.0, 
        "taskID": "WwoTyeSGMcNJszbxP", 
        "_id": "4MEAFdT4RMPZfu6Dq", 
        "groupID": "3uuMMpDLvYmxBDSkn"
      }
    ], 
    "authorID": "hS2KnAZ76JT8zsrqt", 
    "num": 15, 
    "time": 1430922542374.0, 
    "_id": "WwoTyeSGMcNJszbxP", 
    "type": "open", 
    "groupID": "3uuMMpDLvYmxBDSkn", 
    "desc": "introduce yourself and they will introduce themselves"
  }, 
  {
    "promptID": "ytjXuZiW7xk6uaoCJ", 
    "attachments": [], 
    "edited": false, 
    "ideaNodeID": "TLiaNfv3BoZDTk2KH", 
    "comments": [], 
    "priority": 2, 
    "assignments": [
      {
        "promptID": "ytjXuZiW7xk6uaoCJ", 
        "userID": "F3nW5MygZ5PkbHSAn", 
        "assignmentTime": 1430923082220.0, 
        "taskID": "SKAyEEmNYRAH9t2Zd", 
        "_id": "dNwBE6d46XK3LNfpt", 
        "groupID": "3uuMMpDLvYmxBDSkn"
      }, 
      {
        "promptID": "ytjXuZiW7xk6uaoCJ", 
        "userID": "SfLdd9KZsYaFBoqgX", 
        "assignmentTime": 1430923091094.0, 
        "taskID": "SKAyEEmNYRAH9t2Zd", 
        "_id": "RDn3cCW5LSzT9eicL", 
        "groupID": "3uuMMpDLvYmxBDSkn"
      }, 
      {
        "promptID": "ytjXuZiW7xk6uaoCJ", 
        "userID": "2c8YxkCtyALkFQW6M", 
        "assignmentTime": 1430923104802.0, 
        "taskID": "SKAyEEmNYRAH9t2Zd", 
        "_id": "TgFGcZERw7R8tQinX", 
        "groupID": "3uuMMpDLvYmxBDSkn"
      }
    ], 
    "authorID": "hS2KnAZ76JT8zsrqt", 
    "num": 15, 
    "time": 1430923079315.0, 
    "_id": "SKAyEEmNYRAH9t2Zd", 
    "type": "open", 
    "groupID": "3uuMMpDLvYmxBDSkn", 
    "desc": "allow them to introduce themselves to others and listen"
  }, 
  {
    "promptID": "ytjXuZiW7xk6uaoCJ", 
    "attachments": [], 
    "edited": false, 
    "ideaNodeID": "eE85dpSRRR8yx4KKd", 
    "comments": [], 
    "priority": 2, 
    "assignments": [
      {
        "promptID": "ytjXuZiW7xk6uaoCJ", 
        "userID": "7CPXtoSBeuk9TgrXx", 
        "assignmentTime": 1430922465258.0, 
        "taskID": "gP5akbR77Svxji7rL", 
        "_id": "wuFT5QEDBZbsaPj2r", 
        "groupID": "3uuMMpDLvYmxBDSkn"
      }, 
      {
        "promptID": "ytjXuZiW7xk6uaoCJ", 
        "userID": "mcaYWnAqqrWeYjjQG", 
        "assignmentTime": 1430922465425.0, 
        "taskID": "gP5akbR77Svxji7rL", 
        "_id": "AMbiKsvvEywcTD9Wi", 
        "groupID": "3uuMMpDLvYmxBDSkn"
      }, 
      {
        "promptID": "ytjXuZiW7xk6uaoCJ", 
        "userID": "S5Qewa33cnk7FDCgb", 
        "assignmentTime": 1430922470043.0, 
        "taskID": "gP5akbR77Svxji7rL", 
        "_id": "hzs4vXEft25dYseoG", 
        "groupID": "3uuMMpDLvYmxBDSkn"
      }, 
      {
        "promptID": "ytjXuZiW7xk6uaoCJ", 
        "userID": "QAo9QERau8oRdejTd", 
        "assignmentTime": 1430922495810.0, 
        "taskID": "gP5akbR77Svxji7rL", 
        "_id": "bWQxRCi4ozrAP5J9H", 
        "groupID": "3uuMMpDLvYmxBDSkn"
      }, 
      {
        "promptID": "ytjXuZiW7xk6uaoCJ", 
        "userID": "cpcesbyxsHxP5BfnP", 
        "assignmentTime": 1430922512921.0, 
        "taskID": "gP5akbR77Svxji7rL", 
        "_id": "NjiYMrTH6PDyFbWi7", 
        "groupID": "3uuMMpDLvYmxBDSkn"
      }, 
      {
        "promptID": "ytjXuZiW7xk6uaoCJ", 
        "userID": "BffvvdWAGYtLriyBe", 
        "assignmentTime": 1430922512639.0, 
        "taskID": "gP5akbR77Svxji7rL", 
        "_id": "WvGMEjPHXTjgvsNje", 
        "groupID": "3uuMMpDLvYmxBDSkn"
      }, 
      {
        "promptID": "ytjXuZiW7xk6uaoCJ", 
        "userID": "5cG2jhspkgBTRWXFD", 
        "assignmentTime": 1430922633110.0, 
        "taskID": "gP5akbR77Svxji7rL", 
        "_id": "jKrZXix7EzNqBSfGW", 
        "groupID": "3uuMMpDLvYmxBDSkn"
      }, 
      {
        "promptID": "ytjXuZiW7xk6uaoCJ", 
        "userID": "AJeEhczTzWNSQ2ubJ", 
        "assignmentTime": 1430922897526.0, 
        "taskID": "gP5akbR77Svxji7rL", 
        "_id": "HrxD5L4wEBjw8hcNP", 
        "groupID": "3uuMMpDLvYmxBDSkn"
      }, 
      {
        "promptID": "ytjXuZiW7xk6uaoCJ", 
        "userID": "SfLdd9KZsYaFBoqgX", 
        "assignmentTime": 1430922953017.0, 
        "taskID": "gP5akbR77Svxji7rL", 
        "_id": "c7ACDZscSEkbZSbQT", 
        "groupID": "3uuMMpDLvYmxBDSkn"
      }, 
      {
        "promptID": "ytjXuZiW7xk6uaoCJ", 
        "userID": "F3nW5MygZ5PkbHSAn", 
        "assignmentTime": 1430923100587.0, 
        "taskID": "gP5akbR77Svxji7rL", 
        "_id": "gSL5afPoJBBHgBw3L", 
        "groupID": "3uuMMpDLvYmxBDSkn"
      }, 
      {
        "promptID": "ytjXuZiW7xk6uaoCJ", 
        "userID": "2c8YxkCtyALkFQW6M", 
        "assignmentTime": 1430923193783.0, 
        "taskID": "gP5akbR77Svxji7rL", 
        "_id": "fa6YugDEqoXZaDovu", 
        "groupID": "3uuMMpDLvYmxBDSkn"
      }
    ], 
    "authorID": "hS2KnAZ76JT8zsrqt", 
    "num": 15, 
    "time": 1430922468092.0, 
    "_id": "gP5akbR77Svxji7rL", 
    "type": "open", 
    "groupID": "3uuMMpDLvYmxBDSkn", 
    "desc": "what song has their name in it"
  }, 
  {
    "promptID": "ytjXuZiW7xk6uaoCJ", 
    "attachments": [], 
    "edited": false, 
    "ideaNodeID": "B4vYz9DJEvd5rmeNj", 
    "comments": [], 
    "priority": 2, 
    "assignments": [
      {
        "promptID": "ytjXuZiW7xk6uaoCJ", 
        "userID": "F3nW5MygZ5PkbHSAn", 
        "assignmentTime": 1430923142651.0, 
        "taskID": "fW346Gymfin5L3iuj", 
        "_id": "SLLXuQCjW68iXhDPe", 
        "groupID": "3uuMMpDLvYmxBDSkn"
      }, 
      {
        "promptID": "ytjXuZiW7xk6uaoCJ", 
        "userID": "2c8YxkCtyALkFQW6M", 
        "assignmentTime": 1430923148695.0, 
        "taskID": "fW346Gymfin5L3iuj", 
        "_id": "iAYyARSg6d6rFbttX", 
        "groupID": "3uuMMpDLvYmxBDSkn"
      }
    ], 
    "authorID": "hS2KnAZ76JT8zsrqt", 
    "num": 15, 
    "time": 1430923140518.0, 
    "_id": "fW346Gymfin5L3iuj", 
    "type": "open", 
    "groupID": "3uuMMpDLvYmxBDSkn", 
    "desc": "check twitter"
  }, 
  {
    "promptID": "ytjXuZiW7xk6uaoCJ", 
    "attachments": [], 
    "edited": false, 
    "ideaNodeID": "bvwRkexq7coxEXeGn", 
    "comments": [], 
    "priority": 2, 
    "assignments": [
      {
        "promptID": "ytjXuZiW7xk6uaoCJ", 
        "userID": "2c8YxkCtyALkFQW6M", 
        "assignmentTime": 1430923151461.0, 
        "taskID": "cHbBe6CmLPSNREtvR", 
        "_id": "nqHR6jX6vr2cb5mTD", 
        "groupID": "3uuMMpDLvYmxBDSkn"
      }, 
      {
        "promptID": "ytjXuZiW7xk6uaoCJ", 
        "userID": "F3nW5MygZ5PkbHSAn", 
        "assignmentTime": 1430923162092.0, 
        "taskID": "cHbBe6CmLPSNREtvR", 
        "_id": "7RnaqiQPfWm3xHhyu", 
        "groupID": "3uuMMpDLvYmxBDSkn"
      }
    ], 
    "authorID": "hS2KnAZ76JT8zsrqt", 
    "num": 15, 
    "time": 1430923122633.0, 
    "_id": "cHbBe6CmLPSNREtvR", 
    "type": "open", 
    "groupID": "3uuMMpDLvYmxBDSkn", 
    "desc": "what song has their name in"
  }
]